productId,name,cleanName,imageUrl,categoryId,groupId,url,modifiedOn,imageCount,lowPrice,midPrice,highPrice,marketPrice,directLowPrice,subTypeName,extRarity,extNumber,extDescription,extColor,extCardType,extCost,extPower,extSubtypes,extCounterplus,extAttribute
552054,500 Years in the Future - Pre-Release Pack,500 Years in the Future Pre Release Pack,https://tcgplayer-cdn.tcgplayer.com/product/552054_200w.jpg,68,23512,https://cpt.tcgcsv.com/6Rq6,2024-06-21T12:58:01.557,1,2.24,4.71,10.98,2.24,,Normal,,,,,,,,,,
552056,Sterry,Sterry,https://tcgplayer-cdn.tcgplayer.com/product/552056_200w.jpg,68,23512,https://cpt.tcgcsv.com/8Rq6,2024-06-21T13:00:02.073,1,0.08,0.49,50.0,0.4,,Normal,C,OP07-006,[On Play] You may give your 1 active Leader -5000 power during this turn: Draw 1 card and trash 1 card from your hand.,Red,Character,1,1000,Goa Kingdom,1000,Wisdom
552057,Dice,Dice,https://tcgplayer-cdn.tcgplayer.com/product/552057_200w.jpg,68,23512,https://cpt.tcgcsv.com/9Rq6,2024-06-21T13:00:02.21,1,0.21,0.5,2.0,0.46,,Normal,C,OP07-007,,Red,Character,4,6000,FILM;Grantesoro,1000,Strike
552058,Dogura & Magura,Dogura and Magura,https://tcgplayer-cdn.tcgplayer.com/product/552058_200w.jpg,68,23512,https://cpt.tcgcsv.com/bRq6,2024-06-21T13:00:02.32,1,0.1,0.32,2.0,0.25,,Normal,C,OP07-009,"[On Play] Up to 1 of your red Characters with a cost of 1 gains [Double Attack] during this turn.<br>
(This card deals 2 damage.)",Red,Character,2,3000,Mountain Bandits,1000,Slash
552059,Bluejam,Bluejam,https://tcgplayer-cdn.tcgplayer.com/product/552059_200w.jpg,68,23512,https://cpt.tcgcsv.com/cRq6,2024-06-21T13:00:02.417,1,0.2,0.49,2.1,0.37,,Normal,C,OP07-011,[DON!! x1] [When Attacking] K.O. up to 1 of your opponent's Characters with 2000 power or less.,Red,Character,4,5000,Goa Kingdom;Bluejam Pirates,1000,Ranged
552060,Porchemy,Porchemy,https://tcgplayer-cdn.tcgplayer.com/product/552060_200w.jpg,68,23512,https://cpt.tcgcsv.com/dRq6,2024-06-21T13:00:02.583,1,0.04,0.52,2.0,0.51,,Normal,C,OP07-012,[On Play] Give up to 1 of your opponent's Characters -1000 power during this turn.,Red,Character,2,3000,Goa Kingdom;Bluejam Pirates,1000,Slash
552061,Keep Out,Keep Out,https://tcgplayer-cdn.tcgplayer.com/product/552061_200w.jpg,68,23512,https://cpt.tcgcsv.com/fRq6,2024-06-21T13:00:02.81,1,0.2,0.55,2.0,0.47,,Normal,C,OP07-018,"[Counter] Up to 1 of your [Revolutionary Army] type Characters gains +2000 power until the end of your next turn.<br>
[Trigger] Activate this card's [Counter] effect.",Red,Event,1,,Revolutionary Army;Impel Down,,
552062,Aladine,Aladine,https://tcgplayer-cdn.tcgplayer.com/product/552062_200w.jpg,68,23512,https://cpt.tcgcsv.com/gRq6,2024-06-21T13:00:02.91,1,0.2,0.49,2.0,0.45,,Normal,C,OP07-020,"[Blocker] (After your opponent declares an attack, you may rest this card to make it the new target of the attack.)<br>
[On K.O.] If your Leader has the [Fish-Man] type, play up to 1 [Fish-Man] or [Merfolk] type Character card with a cost of 3 or less from your hand.",Green,Character,5,6000,The Sun Pirates;Merfolk,,Slash
552063,Koala,Koala,https://tcgplayer-cdn.tcgplayer.com/product/552063_200w.jpg,68,23512,https://cpt.tcgcsv.com/hRq6,2024-06-21T13:00:03,1,0.1,0.37,2.0,0.25,,Normal,C,OP07-024,"[On Your Opponent's Attack] You may rest this Character: Up to 1 of your [Fish-Man] type Characters with a cost of 5 or less gains [Blocker] during this turn.<br>
(After your opponent declares an attack, you may rest this card to make it the new target of the attack.)",Green,Character,3,0,Foolshout Island,1000,Wisdom
552064,Coribou,Coribou,https://tcgplayer-cdn.tcgplayer.com/product/552064_200w.jpg,68,23512,https://cpt.tcgcsv.com/jRq6,2024-06-21T13:00:03.08,1,0.06,0.49,2.0,0.34,,Normal,C,OP07-025,[On Play] Play up to 1 [Caribou] with a cost of 4 or less from your hand rested.,Green,Character,3,3000,Supernovas;Caribou Pirates,,Strike
552065,Jinbe (027),Jinbe 027,https://tcgplayer-cdn.tcgplayer.com/product/552065_200w.jpg,68,23512,https://cpt.tcgcsv.com/kRq6,2024-06-21T13:00:03.183,1,0.2,0.46,2.0,0.45,,Normal,C,OP07-027,,Green,Character,4,6000,Fish-Man;The Sun Pirates,1000,Strike
552066,Scratchmen Apoo,Scratchmen Apoo,https://tcgplayer-cdn.tcgplayer.com/product/552066_200w.jpg,68,23512,https://cpt.tcgcsv.com/lRq6,2024-06-21T13:00:03.307,1,0.19,0.5,2.0,0.47,,Normal,C,OP07-028,,Green,Character,6,8000,Supernovas;On-Air Pirates,1000,Ranged
552067,Pappag,Pappag,https://tcgplayer-cdn.tcgplayer.com/product/552067_200w.jpg,68,23512,https://cpt.tcgcsv.com/mRq6,2024-06-21T13:00:03.403,1,0.18,0.49,2.0,0.46,,Normal,C,OP07-030,"If you have a [Camie] Character, this Character gains [Blocker].<br>
(After your opponent declares an attack, you may rest this card to make it the new target of the attack.)",Green,Character,2,0,Animal,2000,Wisdom
552068,Karmic Punishment,Karmic Punishment,https://tcgplayer-cdn.tcgplayer.com/product/552068_200w.jpg,68,23512,https://cpt.tcgcsv.com/nRq6,2024-06-21T13:00:03.62,1,0.3,0.59,2.0,0.59,,Normal,C,OP07-035,"[Counter] Up to 1 of your Leader or Character cards gains +2000 power during this battle. Then, if you have 3 or more Characters, that card gains an additional +1000 power during this battle.<br>
[Trigger] K.O. up to 1 of your opponent's rested Characters with a cost of 4 or less.",Green,Event,1,,Supernovas;Fallen Monk Pirates,,
552069,Edward Weevil,Edward Weevil,https://tcgplayer-cdn.tcgplayer.com/product/552069_200w.jpg,68,23512,https://cpt.tcgcsv.com/pRq6,2024-06-21T13:00:03.71,1,0.2,0.5,2.49,0.48,,Normal,C,OP07-039,[DON!! x1] [When Attacking] Look at 3 cards from the top of your deck and place them at the top or bottom of the deck in any order.,Blue,Character,4,5000,The Seven Warlords of the Sea,1000,Slash
552070,Gecko Moria (042),Gecko Moria 042,https://tcgplayer-cdn.tcgplayer.com/product/552070_200w.jpg,68,23512,https://cpt.tcgcsv.com/qRq6,2024-06-21T13:00:03.803,1,0.18,0.49,50.0,0.44,,Normal,C,OP07-042,"[Once Per Turn] If your Leader has the [The Seven Warlords of the Sea] type and this Character would be removed from the field by your opponent's effect, you may place 1 of your Characters other than [Gecko Moria] at the bottom of the owner's deck instead.",Blue,Character,5,6000,The Seven Warlords of the Sea;Thriller Bark Pirates,,Special
552071,Dracule Mihawk,Dracule Mihawk,https://tcgplayer-cdn.tcgplayer.com/product/552071_200w.jpg,68,23512,https://cpt.tcgcsv.com/rRq6,2024-06-21T13:00:03.907,1,0.4,0.65,2.15,0.58,,Normal,C,OP07-044,[On Play] Draw 1 card.,Blue,Character,8,10000,The Seven Warlords of the Sea,,Slash
552072,Buckin,Buckin,https://tcgplayer-cdn.tcgplayer.com/product/552072_200w.jpg,68,23512,https://cpt.tcgcsv.com/sRq6,2024-06-21T13:00:04.003,1,0.2,0.5,2.0,0.41,,Normal,C,OP07-049,[On Play] Play up to 1 [Edward Weevil] with a cost of 4 or less from your hand rested.,Blue,Character,2,0,Weevil's Mother,,Wisdom
552073,Boa Sandersonia,Boa Sandersonia,https://tcgplayer-cdn.tcgplayer.com/product/552073_200w.jpg,68,23512,https://cpt.tcgcsv.com/tRq6,2024-06-21T13:00:04.123,1,0.85,1.26,4.94,1.13,,Normal,C,OP07-050,"[On Play] If you have 2 or more [Amazon Lily] or [Kuja Pirates] type Characters on your field, return up to 1 of your opponent's Characters with a cost of 3 or less to the owner's hand.",Blue,Character,3,3000,Kuja Pirates,2000,Strike
552074,Boa Marigold,Boa Marigold,https://tcgplayer-cdn.tcgplayer.com/product/552074_200w.jpg,68,23512,https://cpt.tcgcsv.com/vRq6,2024-06-21T13:00:04.227,1,0.02,0.5,20.0,0.27,,Normal,C,OP07-052,"[On Play] If you have 2 or more [Amazon Lily] or [Kuja Pirates] type Characters on your field, place up to 1 Character with a cost of 2 or less at the bottom of the owner's deck.",Blue,Character,5,6000,Kuja Pirates,1000,Slash
552075,Snake Dance,Snake Dance,https://tcgplayer-cdn.tcgplayer.com/product/552075_200w.jpg,68,23512,https://cpt.tcgcsv.com/wRq6,2024-06-21T13:00:04.353,1,2.98,12.53,14.94,2.74,,Normal,C,OP07-055,"[Counter] Up to 1 of your Leader or Character cards gains +4000 power during this battle. Then, return up to 1 of your Characters to the owner's hand.<br>
[Trigger] You may return 1 of your Characters to the owner's hand: Return up to 1 of your opponent's Characters with a cost of 5 or less to the owner's hand.",Blue,Event,2,,Kuja Pirates,,
552076,Island of Women,Island of Women,https://tcgplayer-cdn.tcgplayer.com/product/552076_200w.jpg,68,23512,https://cpt.tcgcsv.com/xRq6,2024-06-21T13:00:04.447,1,0.3,0.54,2.5,0.49,,Normal,C,OP07-058,"[Activate: Main] You may trash 1 card from your hand and rest this Stage: If your Leader has the [Kuja Pirates] type, return up to 1 of your [Amazon Lily] or [Kuja Pirates] type Characters to the owner's hand.",Blue,Stage,1,,Amazon Lily,,
552077,Vinsmoke Sanji,Vinsmoke Sanji,https://tcgplayer-cdn.tcgplayer.com/product/552077_200w.jpg,68,23512,https://cpt.tcgcsv.com/zRq6,2024-06-21T13:00:04.57,1,1.45,2.25,7.94,2.39,,Normal,C,OP07-061,"[On Play] DON!! -1 (You may return the specified number of DON!! cards from your field to your DON!! deck.): If your Leader has the [The Vinsmoke Family] type, draw 1 card.",Purple,Character,1,0,Kingdom of GERMA;The Vinsmoke Family,1000,Strike
552078,Vinsmoke Reiju,Vinsmoke Reiju,https://tcgplayer-cdn.tcgplayer.com/product/552078_200w.jpg,68,23512,https://cpt.tcgcsv.com/BRq6,2024-06-21T13:00:04.667,1,0.2,0.63,2.0,0.43,,Normal,C,OP07-062,"[On Play] If the number of DON!! cards on your field is equal to or less than the number on your opponent's field, return up to 1 of your [The Vinsmoke Family] type Characters with a cost of 1 to the owner's hand.",Purple,Character,1,2000,The Vinsmoke Family;Kingdom of GERMA,1000,Strike
552079,Capote,Capote,https://tcgplayer-cdn.tcgplayer.com/product/552079_200w.jpg,68,23512,https://cpt.tcgcsv.com/CRq6,2024-06-21T13:00:04.817,1,0.32,0.64,2.0,0.63,,Normal,C,OP07-063,"[On Play] DON!! -1 (You may return the specified number of DON!! cards from your field to your DON!! deck.): If your Leader has the [Foxy Pirates] type, up to 1 of your opponent's Characters with a cost of 6 or less cannot attack until the end of your opponent's next turn.",Purple,Character,3,4000,Fish-Man;Foxy Pirates,1000,Strike
552080,Tonjit,Tonjit,https://tcgplayer-cdn.tcgplayer.com/product/552080_200w.jpg,68,23512,https://cpt.tcgcsv.com/DRq6,2024-06-21T13:00:04.983,1,0.14,0.52,2.0,0.52,,Normal,C,OP07-067,,Purple,Character,1,3000,Long Ring Long Land,1000,Wisdom
552081,Pickles,Pickles,https://tcgplayer-cdn.tcgplayer.com/product/552081_200w.jpg,68,23512,https://cpt.tcgcsv.com/FRq6,2024-06-21T15:23:54.007,1,0.45,1.0,2.45,0.69,,Normal,C,OP07-069,"If the number of DON!! cards on your field is equal to or less than the number on your opponent's field, your [Foxy Pirates] type Characters other than [Pickles] cannot be K.O.'d by your opponent's effects.",Purple,Character,3,4000,Foxy Pirates,1000,Strike
552082,Monda,Monda,https://tcgplayer-cdn.tcgplayer.com/product/552082_200w.jpg,68,23512,https://cpt.tcgcsv.com/GRq6,2024-06-21T13:00:05.263,1,0.35,0.52,8.0,0.5,,Normal,C,OP07-074,"[Activate: Main] You may trash this Character: If your Leader has the [Foxy Pirates] type, add up to 1 DON!! card from your DON!! deck and rest it.",Purple,Character,2,3000,Animal;Foxy Pirates,1000,Strike
552083,Slow-Slow Beam Sword,Slow Slow Beam Sword,https://tcgplayer-cdn.tcgplayer.com/product/552083_200w.jpg,68,23512,https://cpt.tcgcsv.com/HRq6,2024-06-21T13:00:05.46,1,0.42,1.0,2.13,0.93,,Normal,C,OP07-076,"[Counter] DON!! -1 (You may return the specified number of DON!! cards from your field to your DON!! deck.): Up to 1 of your Leader or Character cards gains +2000 power during this battle. Then, rest up to 1 of your opponent's Characters.<br>
[Trigger] Add up to 1 DON!! card from your DON!! deck and set it as active.",Purple,Event,2,,Foxy Pirates,,
552084,Megaton Nine-Tails Rush,Megaton Nine Tails Rush,https://tcgplayer-cdn.tcgplayer.com/product/552084_200w.jpg,68,23512,https://cpt.tcgcsv.com/JRq6,2024-06-21T13:00:05.66,1,0.19,0.97,2.99,0.39,,Normal,C,OP07-078,"[Main] If the number of DON!! cards on your field is equal to or less than the number on your opponent's field, set up to 1 of your [Foxy] cards as active.<br>
[Trigger] Add up to 1 DON!! card from your DON!! deck and set it as active.",Purple,Event,3,,Foxy Pirates,,
552085,Kalifa,Kalifa,https://tcgplayer-cdn.tcgplayer.com/product/552085_200w.jpg,68,23512,https://cpt.tcgcsv.com/KRq6,2024-06-21T13:00:06.02,1,0.58,1.0,15.0,0.78,,Normal,C,OP07-081,[DON!! x1] [Your Turn] Give all of your opponent's Characters -1 cost.,Black,Character,4,5000,CP0,1000,Special
552086,Gismonda,Gismonda,https://tcgplayer-cdn.tcgplayer.com/product/552086_200w.jpg,68,23512,https://cpt.tcgcsv.com/LRq6,2024-06-21T13:00:06.263,1,0.14,0.5,2.0,0.44,,Normal,C,OP07-084,"[Blocker] (After your opponent declares an attack, you may rest this card to make it the new target of the attack.)",Black,Character,2,2000,CP0,1000,Strike
552087,Spandam,Spandam,https://tcgplayer-cdn.tcgplayer.com/product/552087_200w.jpg,68,23512,https://cpt.tcgcsv.com/MRq6,2024-06-21T13:00:06.473,1,0.1,0.5,2.0,0.45,,Normal,C,OP07-086,[On Play] Trash 2 cards from the top of your deck and give up to 1 of your opponent's Characters -2 cost during this turn.,Black,Character,3,4000,CP0,1000,Slash
552088,Baskerville,Baskerville,https://tcgplayer-cdn.tcgplayer.com/product/552088_200w.jpg,68,23512,https://cpt.tcgcsv.com/NRq6,2024-06-21T13:00:06.687,1,0.2,0.51,3.0,0.51,,Normal,C,OP07-087,"[Your Turn] If your opponent has a Character with a cost of 0, this Character gains +3000 power.",Black,Character,3,3000,World Government,2000,Slash
552089,Maha,Maha,https://tcgplayer-cdn.tcgplayer.com/product/552089_200w.jpg,68,23512,https://cpt.tcgcsv.com/PRq6,2024-06-21T13:00:06.977,1,0.1,0.47,2.0,0.23,,Normal,C,OP07-089,,Black,Character,6,8000,CP0,1000,Strike
552090,Morgans,Morgans,https://tcgplayer-cdn.tcgplayer.com/product/552090_200w.jpg,68,23512,https://cpt.tcgcsv.com/QRq6,2024-06-21T13:00:07.19,1,0.28,0.5,2.0,0.48,,Normal,C,OP07-090,"[On Play] Your opponent trashes 1 card from their hand and reveals their hand. Then, your opponent draws 1 card.",Black,Character,2,2000,Journalist,1000,Wisdom
552091,Iron Body,Iron Body,https://tcgplayer-cdn.tcgplayer.com/product/552091_200w.jpg,68,23512,https://cpt.tcgcsv.com/RRq6,2024-06-21T13:00:07.4,1,0.15,0.45,2.0,0.29,,Normal,C,OP07-095,"[Counter] Up to 1 of your Leader or Character cards gains +4000 power during this battle. Then, if you have 10 or more cards in your trash, that card gains an additional +2000 power during this battle.<br>
[Trigger] Up to 1 of your Leader or Character cards gains +1000 power during this turn.",Black,Event,2,,CP9,,
552092,Usopp,Usopp,https://tcgplayer-cdn.tcgplayer.com/product/552092_200w.jpg,68,23512,https://cpt.tcgcsv.com/SRq6,2024-06-21T13:00:07.713,1,0.45,0.73,2.0,0.7,,Normal,C,OP07-099,[Trigger] Up to 1 of your {Egghead} type Leader or Character cards gains +2000 power until the end of your next turn.,Yellow,Character,1,2000,Egghead;Straw Hat Crew,2000,Ranged
552093,Edison,Edison,https://tcgplayer-cdn.tcgplayer.com/product/552093_200w.jpg,68,23512,https://cpt.tcgcsv.com/TRq6,2024-06-21T13:00:07.967,1,0.73,0.85,3.0,0.94,,Normal,C,OP07-100,"[On Play] If you have 2 or less Life cards, draw 2 cards and trash 2 card from your hand.<br>
[Trigger] If your Leader is [Vegapunk], play this card.",Yellow,Character,4,5000,Scientist;Egghead,2000,Wisdom
552094,Jinbe (102),Jinbe 102,https://tcgplayer-cdn.tcgplayer.com/product/552094_200w.jpg,68,23512,https://cpt.tcgcsv.com/VRq6,2024-06-21T13:00:08.07,1,0.74,1.0,3.0,0.89,,Normal,C,OP07-102,[Trigger] Return up to 1 of your opponent's Characters with a cost of 4 or less to the owner's hand and add this card to your hand.,Yellow,Character,5,6000,Fish-Man;Egghead;Straw Hat Crew,1000,Strike
552095,Tony Tony.Chopper (103),Tony TonyChopper 103,https://tcgplayer-cdn.tcgplayer.com/product/552095_200w.jpg,68,23512,https://cpt.tcgcsv.com/WRq6,2024-06-21T13:00:08.3,1,0.52,0.99,20.0,0.78,,Normal,C,OP07-103,"[Trigger] Up to 1 of your {Egghead} type Characters gains [Blocker] during this turn. Then, add this card to your hand.",Yellow,Character,2,3000,Animal;Egghead;Straw Hat Crew,1000,Wisdom
552096,Fuza,Fuza,https://tcgplayer-cdn.tcgplayer.com/product/552096_200w.jpg,68,23512,https://cpt.tcgcsv.com/XRq6,2024-06-21T13:00:08.553,1,0.2,0.48,50.0,0.45,,Normal,C,OP07-106,"[DON!! x1] [When Attacking] If you have 1 or less Life cards, K.O. up to 1 of your opponent's Characters with a cost of 3 or less.",Yellow,Character,4,6000,Animal;Sky Island,,Special
552097,Vega Force 01,Vega Force 01,https://tcgplayer-cdn.tcgplayer.com/product/552097_200w.jpg,68,23512,https://cpt.tcgcsv.com/ZRq6,2024-06-21T13:00:09.153,1,0.2,0.74,2.0,0.53,,Normal,C,OP07-108,,Yellow,Character,4,6000,Egghead,1000,Strike
552098,York,York,https://tcgplayer-cdn.tcgplayer.com/product/552098_200w.jpg,68,23512,https://cpt.tcgcsv.com/-Rq6,2024-06-21T13:00:09.24,1,0.34,0.65,2.0,0.51,,Normal,C,OP07-110,"[On Play] You may add 1 card from the top or bottom of your Life cards to your hand: K.O. up to 1 of your opponent's Characters with a cost of 2 or less.<br>
[Trigger] If your Leader is [Vegapunk], play this card.",Yellow,Character,5,6000,Scientist;Egghead,1000,Wisdom
552099,I Re-Quasar Helllp!!,I Re Quasar Helllp,https://tcgplayer-cdn.tcgplayer.com/product/552099_200w.jpg,68,23512,https://cpt.tcgcsv.com/_Rq6,2024-06-21T13:00:09.333,1,2.78,4.0,9.69,3.47,,Normal,C,OP07-115,"[Counter] If you have 2 or less Life cards, up to 1 of your Leader or Character cards gains +3000 power during this battle.<br>
[Trigger] Play up to 1 of your {Egghead} type Character cards with a cost of 5 or less from your trash.",Yellow,Event,1,,Scientist;Egghead,,
552100,Egghead,Egghead,https://tcgplayer-cdn.tcgplayer.com/product/552100_200w.jpg,68,23512,https://cpt.tcgcsv.com/0Sq6,2024-06-21T13:00:09.427,1,0.51,1.0,3.0,0.94,,Normal,C,OP07-117,"[End of Your Turn] If you have 3 or less Life cards, set up to 1 {Egghead} type Character with a cost of 5 or less as active.<br>
[Trigger] Play this card.",Yellow,Stage,2,,Egghead,,
552101,Mr. Tanaka,Mr Tanaka,https://tcgplayer-cdn.tcgplayer.com/product/552101_200w.jpg,68,23512,https://cpt.tcgcsv.com/2Sq6,2024-06-21T13:00:09.627,1,0.47,0.77,50.0,0.76,,Normal,UC,OP07-008,"[Blocker] (After your opponent declares an attack, you may rest this card to make it the new target of the attack.)<br>
[Trigger] Play this card.",Red,Character,3,3000,FILM;Grantesoro,,Special
552102,Masked Deuce,Masked Deuce,https://tcgplayer-cdn.tcgplayer.com/product/552102_200w.jpg,68,23512,https://cpt.tcgcsv.com/3Sq6,2024-06-21T13:00:09.837,1,2.0,2.45,2.98,1.88,,Normal,UC,OP07-013,"[On Play] If your Leader is [Portgas.D.Ace], look at 5 cards from the top of your deck; reveal up to 1 [Portgas.D.Ace] or red Event and add it to your hand. Then, place the rest at the bottom of your deck in any order.",Red,Character,1,2000,Spade Pirates,1000,Wisdom
552103,Moda,Moda,https://tcgplayer-cdn.tcgplayer.com/product/552103_200w.jpg,68,23512,https://cpt.tcgcsv.com/5Sq6,2024-06-21T13:00:09.94,1,0.75,1.0,50.0,0.91,,Normal,UC,OP07-014,[Your Turn] [On Play] Up to 1 of your [Portgas.D.Ace] cards gains +2000 power during this turn.,Red,Character,1,0,Lulucia Kingdom,2000,Wisdom
552104,Dragon Breath,Dragon Breath,https://tcgplayer-cdn.tcgplayer.com/product/552104_200w.jpg,68,23512,https://cpt.tcgcsv.com/6Sq6,2024-06-21T13:00:10.25,1,0.35,0.81,2.0,0.77,,Normal,UC,OP07-017,"[Main] K.O. up to 1 of your opponent's Characters with 3000 power or less and up to 1 of your opponent's Stages with a cost of 1 or less.<br>
[Trigger] Activate this card's [Main] effect.",Red,Event,2,,Revolutionary Army,,
552105,Caribou,Caribou,https://tcgplayer-cdn.tcgplayer.com/product/552105_200w.jpg,68,23512,https://cpt.tcgcsv.com/7Sq6,2024-06-21T13:00:10.37,1,0.49,0.74,2.0,0.73,,Normal,UC,OP07-023,"If you have 6 or more rested DON!! cards, this Character gains +1000 power.<br>
[Blocker] (After your opponent declares an attack, you may rest this card to make it the new target of the attack.)",Green,Character,4,5000,Caribou Pirates;Supernovas,1000,Special
552106,Bartolomeo,Bartolomeo,https://tcgplayer-cdn.tcgplayer.com/product/552106_200w.jpg,68,23512,https://cpt.tcgcsv.com/8Sq6,2024-06-21T13:00:10.51,1,3.4,4.11,19.75,4.04,,Normal,UC,OP07-031,"[Blocker] (After your opponent declares an attack, you may rest this card to make it the new target of the attack.)<br>
[Your Turn] [Once Per Turn] If a Character is rested by your effect, draw 1 card and trash 1 card from your hand.",Green,Character,3,4000,Supernovas;Barto Club,1000,Special
552107,Monkey.D.Luffy (033),MonkeyDLuffy 033,https://tcgplayer-cdn.tcgplayer.com/product/552107_200w.jpg,68,23512,https://cpt.tcgcsv.com/9Sq6,2024-06-21T13:00:10.653,1,19.99,19.99,19.99,5.36,,Normal,UC,OP07-033,"If you have 3 or more Characters, your Characters with a cost of 3 or less other than [Monkey.D.Luffy] cannot be K.O.'d by your opponent's effects.",Green,Character,5,6000,Supernovas;Straw Hat Crew,1000,Strike
552108,Roronoa Zoro (034),Roronoa Zoro 034,https://tcgplayer-cdn.tcgplayer.com/product/552108_200w.jpg,68,23512,https://cpt.tcgcsv.com/bSq6,2024-06-21T13:00:10.757,1,1.0,2.41,5.0,1.28,,Normal,UC,OP07-034,"[When Attacking] If you have 3 or more Characters, this Character gains +2000 power during this turn.",Green,Character,1,2000,Supernovas;Straw Hat Crew,1000,Slash
552109,More Pizza!!,More Pizza,https://tcgplayer-cdn.tcgplayer.com/product/552109_200w.jpg,68,23512,https://cpt.tcgcsv.com/cSq6,2024-06-21T13:00:10.85,1,2.2,3.76,16.0,3.17,,Normal,UC,OP07-037,"[Main] Look at 5 cards from the top of your deck; reveal up to 1 [Supernovas] type card other than [More Pizza!!] and add it to your hand. Then, place the rest at the bottom of your deck in any order.<br>
[Trigger] Draw 1 card.",Green,Event,1,,Supernovas;Bonney Pirates,,
552110,Crocodile,Crocodile,https://tcgplayer-cdn.tcgplayer.com/product/552110_200w.jpg,68,23512,https://cpt.tcgcsv.com/dSq6,2024-06-21T13:00:10.963,1,11.0,14.0,18.98,15.02,,Normal,UC,OP07-040,[On Play] (1) (You may rest the specified number of DON!! cards in your cost area.): Return up to 1 Character with a cost of 2 or less to the owner's hand.,Blue,Character,4,5000,The Seven Warlords of the Sea;Baroque Works,2000,Special
552111,Gloriosa (Grandma Nyon),Gloriosa Grandma Nyon,https://tcgplayer-cdn.tcgplayer.com/product/552111_200w.jpg,68,23512,https://cpt.tcgcsv.com/fSq6,2024-06-21T13:00:11.067,1,4.74,5.75,7.0,5.95,,Normal,UC,OP07-041,"[On Play] Look at 5 cards from the top of your deck; reveal up to 1 [Amazon Lily] or [Kuja Pirates] type card other than [Gloriosa (Grandma Nyon)] and add it to your hand. Then, place the rest at the bottom of your deck in any order.",Blue,Character,1,0,Amazon Lily,1000,Wisdom
552112,Salome,Salome,https://tcgplayer-cdn.tcgplayer.com/product/552112_200w.jpg,68,23512,https://cpt.tcgcsv.com/gSq6,2024-06-21T13:00:11.177,1,0.45,0.85,2.0,0.69,,Normal,UC,OP07-043,[Your Turn] [On Play] Up to 1 of your [Boa Hancock] cards gains +2000 power during this turn.,Blue,Character,1,2000,Animal;Kuja Pirates,1000,Strike
552113,Donquixote Doflamingo,Donquixote Doflamingo,https://tcgplayer-cdn.tcgplayer.com/product/552113_200w.jpg,68,23512,https://cpt.tcgcsv.com/hSq6,2024-06-21T13:00:11.273,1,1.61,2.0,28.01,1.61,,Normal,UC,OP07-048,"[Activate: Main] [Once Per Turn] (2) (You may rest the specified number of DON!! cards in your cost area.): Reveal 1 card from the top of your deck. If that card is a [The Seven Warlords of the Sea] type Character card with a cost of 4 or less, you may play that card rested. Then, place the rest at the bottom of your deck.",Blue,Character,3,4000,The Seven Warlords of the Sea;Donquixote Pirates,,Special
552114,Slave Arrow,Slave Arrow,https://tcgplayer-cdn.tcgplayer.com/product/552114_200w.jpg,68,23512,https://cpt.tcgcsv.com/jSq6,2024-06-21T13:00:11.367,1,1.0,2.07,28.98,1.31,,Normal,UC,OP07-056,"[Counter] You may return 1 of your Characters with a cost of 2 or more to the owner's hand: Up to 1 of your Leader or Character cards gains +4000 power during this battle.<br>
[Trigger] Draw 2 cards and place 2 cards from your hand at the bottom of your deck in any order.",Blue,Event,1,,The Seven Warlords of the Sea;Kuja Pirates,,
552115,Itomimizu,Itomimizu,https://tcgplayer-cdn.tcgplayer.com/product/552115_200w.jpg,68,23512,https://cpt.tcgcsv.com/kSq6,2024-06-21T13:00:11.523,1,4.2,5.4,9.0,4.91,,Normal,UC,OP07-060,"[Activate: Main] [Once Per Turn] If your Leader has the [Foxy Pirates] type and you have no other [Itomimizu], add up to 1 DON!! card from your DON!! deck and rest it.",Purple,Character,3,0,Foxy Pirates,1000,Wisdom
552116,Gina,Gina,https://tcgplayer-cdn.tcgplayer.com/product/552116_200w.jpg,68,23512,https://cpt.tcgcsv.com/lSq6,2024-06-21T13:00:11.72,1,8.76,10.88,14.99,5.91,,Normal,UC,OP07-065,"[On Play] If your Leader has the [Foxy Pirates] type and the number of DON!! cards on your field is equal to or less than the number on your opponent's field, add up to 1 DON!! card from your DON!! deck and set it as active.",Purple,Character,1,0,Foxy Pirates,2000,Wisdom
552117,Hamburg,Hamburg,https://tcgplayer-cdn.tcgplayer.com/product/552117_200w.jpg,68,23512,https://cpt.tcgcsv.com/mSq6,2024-06-21T13:00:11.847,1,0.46,0.78,2.0,0.75,,Normal,UC,OP07-068,"[DON!! x1] [When Attacking] If the number of DON!! cards on your field is equal to or less than the number on your opponent's field, add up to 1 DON!! card from your DON!! deck and rest it.",Purple,Character,5,6000,Foxy Pirates,1000,Strike
552118,Big Bun,Big Bun,https://tcgplayer-cdn.tcgplayer.com/product/552118_200w.jpg,68,23512,https://cpt.tcgcsv.com/nSq6,2024-06-21T13:00:12.01,1,1.2,2.0,7.0,2.33,,Normal,UC,OP07-070,"[On Play] If the number of DON!! cards on your field is equal to or less than the number on your opponent's field, play up to 1 [Foxy Pirates] type card with a cost of 4 or less from your hand.",Purple,Character,6,7000,Giant;Fish-Man;Foxy Pirates,1000,Strike
552119,Slow-Slow Beam,Slow Slow Beam,https://tcgplayer-cdn.tcgplayer.com/product/552119_200w.jpg,68,23512,https://cpt.tcgcsv.com/pSq6,2024-06-21T13:00:12.12,1,0.7,1.44,3.0,1.44,,Normal,UC,OP07-075,[Counter] DON!! -1 (You may return the specified number of DON!! cards from your field to your DON!! deck.): Give up to 1 each of your opponent's Leader and Character cards -2000 power during this turn.,Purple,Event,1,,Foxy Pirates,,
552120,Captain John,Captain John,https://tcgplayer-cdn.tcgplayer.com/product/552120_200w.jpg,68,23512,https://cpt.tcgcsv.com/qSq6,2024-06-21T13:00:12.64,1,0.22,0.7,2.0,0.54,,Normal,UC,OP07-082,[On Play] Trash 2 cards from the top of your deck and give up to 1 of your opponent's Characters -1 cost during this turn.,Black,Character,2,3000,Thriller Bark Pirates;Former Rocks Pirates,1000,Slash
552121,Gecko Moria (083),Gecko Moria 083,https://tcgplayer-cdn.tcgplayer.com/product/552121_200w.jpg,68,23512,https://cpt.tcgcsv.com/rSq6,2024-06-21T13:00:12.77,1,0.49,0.78,2.0,0.77,,Normal,UC,OP07-083,"[Activate: Main] You may place 4 [Thriller Bark Pirates] type cards from your trash at the bottom of your deck in any order: This Character gains [Banish] and +1000 power during this turn.<br>
(When this card deals damage, the target card is trashed without activating its Trigger.)",Black,Character,4,5000,The Seven Warlords of the Sea;Thriller Bark Pirates,1000,Special
552122,Hattori,Hattori,https://tcgplayer-cdn.tcgplayer.com/product/552122_200w.jpg,68,23512,https://cpt.tcgcsv.com/sSq6,2024-06-21T13:00:12.867,1,1.2,1.61,2.49,1.65,,Normal,UC,OP07-088,[Your Turn] [On Play] Up to 1 of your [Rob Lucci] cards gains +2000 power during this turn.,Black,Character,1,0,Animal;CP0,2000,Strike
552123,Joseph,Joseph,https://tcgplayer-cdn.tcgplayer.com/product/552123_200w.jpg,68,23512,https://cpt.tcgcsv.com/tSq6,2024-06-21T13:00:13.337,1,0.5,0.96,3.0,0.88,,Normal,UC,OP07-092,"[On Play] You may place 2 cards with a type including ""CP"" from your trash at the bottom of your deck in any order: K.O. up to 1 of your opponent's Characters with a cost of 1 or less.",Black,Character,1,2000,CP0,1000,Strike
552124,Shave,Shave,https://tcgplayer-cdn.tcgplayer.com/product/552124_200w.jpg,68,23512,https://cpt.tcgcsv.com/vSq6,2024-06-21T13:00:13.493,1,0.35,0.5,4.99,0.49,,Normal,UC,OP07-094,"[Counter] Up to 1 of your Leader or Character cards gains +2000 power during this battle. Then, if you have 10 or more cards in your trash, return up to 1 of your Characters with a type including ""CP"" to the owner's hand.<br>
[Trigger] Return up to 1 of your Characters to the owner's hand.",Black,Event,1,,CP9,,
552125,Atlas,Atlas,https://tcgplayer-cdn.tcgplayer.com/product/552125_200w.jpg,68,23512,https://cpt.tcgcsv.com/wSq6,2024-06-21T13:00:13.977,1,3.0,3.9,9.89,3.81,,Normal,UC,OP07-098,"If you have less Life cards than your opponent, this Character cannot be K.O.'d in battle.<br>
[Trigger] If your Leader is [Vegapunk], play this card.",Yellow,Character,5,6000,Scientist;Egghead,1000,Wisdom
552126,Shaka,Shaka,https://tcgplayer-cdn.tcgplayer.com/product/552126_200w.jpg,68,23512,https://cpt.tcgcsv.com/xSq6,2024-06-21T13:00:14.153,1,7.5,25.0,100.0,11.4,,Normal,UC,OP07-101,"[Blocker] (After your opponent declares an attack, you may rest this card to make it the new target of the attack.)<br>
[Trigger] If your Leader is [Vegapunk], play this card.",Yellow,Character,5,6000,Scientist;Egghead,1000,Wisdom
552127,Nico Robin,Nico Robin,https://tcgplayer-cdn.tcgplayer.com/product/552127_200w.jpg,68,23512,https://cpt.tcgcsv.com/zSq6,2024-06-21T13:00:14.307,1,22.98,26.59,50.0,26.34,,Normal,UC,OP07-104,"[Trigger] If your Leader has the {Egghead} type, draw 2 cards.",Yellow,Character,3,4000,Egghead;Straw Hat Crew,1000,Special
552128,Pythagoras,Pythagoras,https://tcgplayer-cdn.tcgplayer.com/product/552128_200w.jpg,68,23512,https://cpt.tcgcsv.com/BSq6,2024-06-21T13:00:14.427,1,4.0,6.17,10.0,2.49,,Normal,UC,OP07-105,"[On K.O.] If you have 2 or less Life cards, play up to 1 {Egghead} type Character card with a cost of 4 or less from your trash rested.<br>
[Trigger] If your Leader is [Vegapunk], play this card.",Yellow,Character,5,6000,Scientist;Egghead,1000,Wisdom
552129,Roronoa Zoro (113),Roronoa Zoro 113,https://tcgplayer-cdn.tcgplayer.com/product/552129_200w.jpg,68,23512,https://cpt.tcgcsv.com/CSq6,2024-06-21T13:00:14.857,1,13.25,15.0,50.0,4.61,,Normal,UC,OP07-113,"[Trigger] If your Leader has the {Egghead} type, rest up to 1 of your opponent's Leader or Character cards.",Yellow,Character,5,6000,Egghead;Straw Hat Crew,1000,Slash
552130,He Possesses the World's Most Brilliant Mind,He Possesses the Worlds Most Brilliant Mind,https://tcgplayer-cdn.tcgplayer.com/product/552130_200w.jpg,68,23512,https://cpt.tcgcsv.com/DSq6,2024-06-21T13:00:14.977,1,5.99,6.96,9.98,5.08,,Normal,UC,OP07-114,"[Main] Look at 5 cards from the top of your deck; reveal up to 1 {Egghead} type card other than [He Possesses the World's Most Brilliant Mind] and add it to your hand. Then, place the rest at the bottom of your deck in any order.<br>
[Trigger] Draw 1 card.",Yellow,Event,1,,Scientist;Egghead,,
