productId,name,cleanName,imageUrl,categoryId,groupId,url,modifiedOn,imageCount,lowPrice,midPrice,highPrice,marketPrice,directLowPrice,subTypeName,extRarity,extNumber,extDescription,extColor,extCardType,extLife,extPower,extSubtypes,extAttribute,extCost,extCounterplus
498733,Awakening of the New Era - Booster Pack,Awakening of the New Era Booster Pack,https://tcgplayer-cdn.tcgplayer.com/product/498733_200w.jpg,68,23213,https://cpt.tcgcsv.com/Hv_5,2023-12-15T14:53:02.947,1,5.65,6.99,13.98,7.02,,Normal,,,,,,,,,,,
498734,Awakening of the New Era - Booster Box,Awakening of the New Era Booster Box,https://tcgplayer-cdn.tcgplayer.com/product/498734_200w.jpg,68,23213,https://cpt.tcgcsv.com/Jv_5,2023-12-15T14:52:44.88,1,154.54,185.99,474.98,165.92,,Normal,,,,,,,,,,,
498735,Awakening of the New Era - Booster Box Case,Awakening of the New Era Booster Box Case,https://tcgplayer-cdn.tcgplayer.com/product/498735_200w.jpg,68,23213,https://cpt.tcgcsv.com/Kv_5,2023-12-15T14:52:53.747,1,1987.59,2100.0,9999.99,1969.9,,Normal,,,,,,,,,,,
527007,Sabo (001) (Alternate Art),Sabo 001 Alternate Art,https://tcgplayer-cdn.tcgplayer.com/product/527007_200w.jpg,68,23213,https://cpt.tcgcsv.com/9Qd6,2023-12-08T05:03:11.723,1,15.99,19.99,120.0,18.35,,Foil,L,OP05-001,"[DON!! x1][Opponent's Turn][Once Per Turn] If your Character with 5000 power or more would be K.O.'d, you may give that Character -1000 power during this turn instead of that Character being K.O.'d",Red;Black,Leader,4,5000,Revolutionary Army,Special,,
527008,Belo Betty (002) (Alternate Art),Belo Betty 002 Alternate Art,https://tcgplayer-cdn.tcgplayer.com/product/527008_200w.jpg,68,23213,https://cpt.tcgcsv.com/bQd6,2024-03-06T12:30:01.02,1,38.72,43.99,80.0,44.89,,Foil,L,OP05-002,"[Activate:Main][Once Per Turn] <strong>You may trash 1 ""Revolutionary Army"" type card from your hand:</strong> Up to 3 of your ""Revolutionary Army"" type Characters or Characters with a [Trigger] gain +3000 power during this turn.",Red;Yellow,Leader,4,5000,Revolutionary Army,Special,,
527009,Sabo (007),Sabo 007,https://tcgplayer-cdn.tcgplayer.com/product/527009_200w.jpg,68,23213,https://cpt.tcgcsv.com/cQd6,2023-12-08T05:03:11.723,1,0.03,0.3,7.99,0.22,,Foil,SR,OP05-007,[On Play] K.O. up to 2 of your opponent's Characters with a total power of 4000 or less.,Red,Character,,7000,Revolutionary Army,Special,6,
527010,Donquixote Rosinante (022) (Alternate Art),Donquixote Rosinante 022 Alternate Art,https://tcgplayer-cdn.tcgplayer.com/product/527010_200w.jpg,68,23213,https://cpt.tcgcsv.com/dQd6,2023-12-08T05:03:11.723,1,14.72,20.99,119.99,16.3,,Foil,L,OP05-022,"[Blocker] <em>(After your opponent declares an attack, you may rest this card to make it the new target of the attack.)</em>
<br>
[End of Your Turn] If you have 6 or less cards in your hand, set this Leader as active.",Blue;Green,Leader,4,5000,Donquixote Pirates;Navy,Special,,
527011,Sakazuki (Alternate Art),Sakazuki Alternate Art,https://tcgplayer-cdn.tcgplayer.com/product/527011_200w.jpg,68,23213,https://cpt.tcgcsv.com/fQd6,2023-12-08T05:03:11.723,1,14.71,18.37,300.0,17.04,,Foil,L,OP05-041,"[Activate:Main][Once Per Turn] <strong>You may trash 1 card from your hand</strong>: Draw 1 card.
<br>
[When Attacking] Give up to 1 of your opponent's Characters -1 cost during this turn.",Blue;Black,Leader,4,5000,Navy,Special,,
527014,Monkey.D.Luffy (060) (Alternate Art),MonkeyDLuffy 060 Alternate Art,https://tcgplayer-cdn.tcgplayer.com/product/527014_200w.jpg,68,23213,https://cpt.tcgcsv.com/jQd6,2023-12-08T05:03:11.723,1,63.88,70.0,180.0,63.88,,Foil,L,OP05-060,"[Activate:Main][Once Per Turn] <strong>You may add 1 card from the top of your Life cards to your hand</strong>: If you have 0 or 3 or more DON!! cards on your field, add up to 1 DON!! card from your DON!! deck and set it as active.",Purple,Leader,5,5000,Straw Hat Crew,Strike,,
527019,Trafalgar Law (069) (Alternate Art) (Manga),Trafalgar Law 069 Alternate Art Manga,https://tcgplayer-cdn.tcgplayer.com/product/527019_200w.jpg,68,23213,https://cpt.tcgcsv.com/pQd6,2023-12-08T05:03:11.723,1,594.99,649.95,752.66,647.06,,Foil,SR,OP05-069,"[When Attacking] If your opponent has more DON!! cards on their field than you, look at 5 cards from the top of your deck; reveal up to 1 [Heart Pirates] type card and add it to your hand. Then, place the rest at the bottom of your deck in any order.",Purple,Character,,5000,Heart Pirates,Slash,3,
527020,"Eustass""Captain""Kid (Alternate Art) (Manga)",EustassCaptainKid Alternate Art Manga,https://tcgplayer-cdn.tcgplayer.com/product/527020_200w.jpg,68,23213,https://cpt.tcgcsv.com/qQd6,2023-12-08T05:03:11.723,1,474.21,550.95,1399.0,601.96,,Foil,SR,OP05-074,"[Blocker]
<br>
[Your Turn][Once Per Turn] When a DON!! card on your field is returned to your DON!! deck, add up to 1 DON!! card from your DON!! deck and set it as active.",Purple,Character,,6000,Kid Pirates,Special,5,1000
527021,Enel (098) (Alternate Art),Enel 098 Alternate Art,https://tcgplayer-cdn.tcgplayer.com/product/527021_200w.jpg,68,23213,https://cpt.tcgcsv.com/rQd6,2023-12-08T05:03:11.723,1,42.01,49.84,400.0,45.63,,Foil,L,OP05-098,"[Opponent's Turn][Once Per Turn] When your number of Life cards becomes 0, add 1 card from the top of your deck to the top of your Life cards. Then, trash 1 card from your hand.",Yellow,Leader,4,5000,Sky Island,Special,,
527022,Enel (100),Enel 100,https://tcgplayer-cdn.tcgplayer.com/product/527022_200w.jpg,68,23213,https://cpt.tcgcsv.com/sQd6,2023-12-08T05:03:11.723,1,0.01,1.0,5.0,0.54,,Foil,SR,OP05-100,"[Rush]
<br>
[Once Per Turn] If this Character would leave the field, you may trash 1 card from the top of your Life cards instead. If there is a [Monkey.D.Luffy] Character, this effect is negated.",Yellow,Character,,7000,Sky Island,Special,7,
527024,Monkey.D.Luffy (119),MonkeyDLuffy 119,https://tcgplayer-cdn.tcgplayer.com/product/527024_200w.jpg,68,23213,https://cpt.tcgcsv.com/vQd6,2023-12-08T05:03:11.723,1,3.27,8.0,99.0,4.35,,Foil,SEC,OP05-119,"[On Play] DON!! -10: Place all of your Characters except this Character at the bottom of your deck in any order. Then, take an extra turn after this one.
<br>
[Activate:Main][Once Per Turn] (1): Add up to 1 DON!! card from your DON!! deck and set it as active.",Purple,Character,,12000,Straw Hat Crew;The Four Emperors,Strike,10,
527026,Monkey.D.Luffy (119) (Alternate Art) (Manga),MonkeyDLuffy 119 Alternate Art Manga,https://tcgplayer-cdn.tcgplayer.com/product/527026_200w.jpg,68,23213,https://cpt.tcgcsv.com/xQd6,2023-12-13T17:06:32.22,1,2145.0,3049.35,5595.79,2509.98,,Foil,SEC,OP05-119,"[On Play] DON!! -10: Place all of your Characters except this Character at the bottom of your deck in any order. Then, take an extra turn after this one.
<br>
[Activate:Main][Once Per Turn] (1): Add up to 1 DON!! card from your DON!! deck and set it as active.",Purple,Character,,12000,Straw Hat Crew;The Four Emperors,Strike,10,
527027,Monkey.D.Luffy (012) (Alternate Art),MonkeyDLuffy 012 Alternate Art,https://tcgplayer-cdn.tcgplayer.com/product/527027_200w.jpg,68,23213,https://cpt.tcgcsv.com/zQd6,2023-12-22T13:51:26.913,1,6.0,9.0,160.0,8.19,,Foil,SR,ST01-012,"[Rush] <em>(This card can attack on the turn in which it is played.)</em>
<br>
[DON!! x2][When Attacking] Your opponent cannot activate [Blocker] during this battle.",Red,Character,,6000,Straw Hat Crew;Supernovas,Strike,5,
527035,Nami (SP),Nami SP,https://tcgplayer-cdn.tcgplayer.com/product/527035_200w.jpg,68,23213,https://cpt.tcgcsv.com/KQd6,2023-12-08T05:03:11.723,1,129.0,150.0,400.0,133.64,,Foil,R,OP01-016,"[On Play] Look at 5 cards from the top of your deck; reveal up to 1 [Straw Hat Crew] type card other than [Nami] and add it to your hand. Then, place the rest at the bottom of your deck in any order.",Red,Character,,2000,Straw Hat Crew,Special,1,1000
527036,Yamato (SP),Yamato SP,https://tcgplayer-cdn.tcgplayer.com/product/527036_200w.jpg,68,23213,https://cpt.tcgcsv.com/LQd6,2023-12-08T05:03:11.723,1,84.3,149.99,1000.0,66.09,,Foil,SEC,OP01-121,"Also treat this card's name as [Kouzuki Oden] according to the rules.
<br>
[Double Attack] <em>(This card deals 2 damage.)</em>
<br>
[Banish] <em>(When this card deals damage, the target card is trashed without activating its Trigger.)</em>",Green,Character,,5000,Land of Wano,Strike,5,1000
527038,Uta (SP),Uta SP,https://tcgplayer-cdn.tcgplayer.com/product/527038_200w.jpg,68,23213,https://cpt.tcgcsv.com/NQd6,2023-12-11T16:33:34.373,1,58.1,67.63,298.99,48.93,,Foil,SEC,OP02-120,[On Play] DON!! -2 <em>(You may return the specified number of DON!! cards from your field to your DON!! deck.)</em>: Your Leader and all of your Characters gain +1000 power until the start of your next turn.,Purple,Character,,8000,FILM,Special,8,
527040,Rob Lucci (092) (SP),Rob Lucci 092 SP,https://tcgplayer-cdn.tcgplayer.com/product/527040_200w.jpg,68,23213,https://cpt.tcgcsv.com/QQd6,2023-12-08T05:03:11.723,1,18.24,30.0,110.0,19.53,,Foil,SR,OP03-092,"[On Play] <strong>You may place 2 cards with a type including ""CP"" from your trash at the bottom of your deck in any order</strong>: This Character gains [Rush] during this turn. <em>(This card can attack on the turn in which it is played.)</em>",Black,Character,,7000,CP9,Strike,6,
527041,Kaido (044) (SP),Kaido 044 SP,https://tcgplayer-cdn.tcgplayer.com/product/527041_200w.jpg,68,23213,https://cpt.tcgcsv.com/RQd6,2023-12-08T05:03:11.723,1,29.0,37.89,100.0,32.13,,Foil,SR,OP04-044,[On Play] Return up to 1 Character with a cost of 8 or less and up to 1 Character with a cost of 3 or less to the owner's hand.,Blue,Character,,12000,Animal Kingdom Pirates;The Four Emperors,Strike,10,
527043,Enel (100) (SP),Enel 100 SP,https://tcgplayer-cdn.tcgplayer.com/product/527043_200w.jpg,68,23213,https://cpt.tcgcsv.com/TQd6,2023-12-08T05:03:11.723,1,48.0,55.0,126.0,47.45,,Foil,SR,OP05-100,"[Rush]
<br>
[Once Per Turn] If this Character would leave the field, you may trash 1 card from the top of your Life cards instead. If there is a [Monkey.D.Luffy] Character, this effect is negated.",Yellow,Character,,7000,Sky Island,Special,7,
527045,Kaido (118),Kaido 118,https://tcgplayer-cdn.tcgplayer.com/product/527045_200w.jpg,68,23213,https://cpt.tcgcsv.com/WQd6,2023-12-08T05:03:11.723,1,0.7,3.62,42.0,1.2,,Foil,SEC,OP05-118,[On Play] Draw 4 cards if your opponent has 3 or less Life cards.,Blue,Character,,12000,Animal Kingdom Pirates;The Four Emperors,Special,10,
527060,Double Pack Set Volume 2,Double Pack Set Volume 2,https://tcgplayer-cdn.tcgplayer.com/product/527060_200w.jpg,68,23213,https://cpt.tcgcsv.com/dRd6,2023-12-08T05:03:12.477,1,38.99,47.99,100.0,40.17,,Normal,,,,,,,,,,,
527062,Double Pack Set Volume 2 Display,Double Pack Set Volume 2 Display,https://tcgplayer-cdn.tcgplayer.com/product/527062_200w.jpg,68,23213,https://cpt.tcgcsv.com/gRd6,2023-12-08T05:03:12.477,1,290.0,294.99,400.0,311.41,,Normal,,,,,,,,,,,
527063,Double Pack Set Volume 2 Display Case,Double Pack Set Volume 2 Display Case,https://tcgplayer-cdn.tcgplayer.com/product/527063_200w.jpg,68,23213,https://cpt.tcgcsv.com/hRd6,2023-12-08T05:03:12.477,1,,,,,,,,,,,,,,,,,
527659,Sabo (007) (Alternate Art),Sabo 007 Alternate Art,https://tcgplayer-cdn.tcgplayer.com/product/527659_200w.jpg,68,23213,https://cpt.tcgcsv.com/c5f6,2023-12-08T05:03:11.723,1,0.9,2.4,28.97,1.51,,Foil,SR,OP05-007,[On Play] K.O. up to 2 of your opponent's Characters with a total power of 4000 or less.,Red,Character,,7000,Revolutionary Army,Special,6,
527660,"Eustass""Captain""Kid (Alternate Art)",EustassCaptainKid Alternate Art,https://tcgplayer-cdn.tcgplayer.com/product/527660_200w.jpg,68,23213,https://cpt.tcgcsv.com/d5f6,2023-12-08T05:03:11.723,1,11.5,16.99,98.0,14.25,,Foil,SR,OP05-074,"[Blocker]
<br>
[Your Turn][Once Per Turn] When a DON!! card on your field is returned to your DON!! deck, add up to 1 DON!! card from your DON!! deck and set it as active.",Purple,Character,,6000,Kid Pirates,Special,5,1000
527661,Enel (100) (Alternate Art),Enel 100 Alternate Art,https://tcgplayer-cdn.tcgplayer.com/product/527661_200w.jpg,68,23213,https://cpt.tcgcsv.com/f5f6,2023-12-08T05:03:11.723,1,5.0,8.0,150.0,7.31,,Foil,SR,OP05-100,"[Rush]
<br>
[Once Per Turn] If this Character would leave the field, you may trash 1 card from the top of your Life cards instead. If there is a [Monkey.D.Luffy] Character, this effect is negated.",Yellow,Character,,7000,Sky Island,Special,7,
527662,Trafalgar Law (Alternate Art) (069),Trafalgar Law Alternate Art 069,https://tcgplayer-cdn.tcgplayer.com/product/527662_200w.jpg,68,23213,https://cpt.tcgcsv.com/g5f6,2023-12-08T05:03:11.723,1,3.05,6.98,48.89,3.66,,Foil,SR,OP05-069,"[When Attacking] If your opponent has more DON!! cards on their field than you, look at 5 cards from the top of your deck; reveal up to 1 [Heart Pirates] type card and add it to your hand. Then, place the rest at the bottom of your deck in any order.",Purple,Character,,5000,Heart Pirates,Slash,3,
527663,Koala,Koala,https://tcgplayer-cdn.tcgplayer.com/product/527663_200w.jpg,68,23213,https://cpt.tcgcsv.com/h5f6,2023-12-08T05:03:11.723,1,0.15,1.0,30.0,0.56,,Foil,SR,OP05-006,"[On Play] If your Leader has the [Revolutionary Army] type, give up to 1 of your opponent's Characters -3000 power during this turn.",Red,Character,,3000,Revolutionary Army,Strike,2,2000
527664,Koala (Alternate Art),Koala Alternate Art,https://tcgplayer-cdn.tcgplayer.com/product/527664_200w.jpg,68,23213,https://cpt.tcgcsv.com/j5f6,2023-12-08T05:03:11.723,1,10.5,13.0,99.0,12.28,,Foil,SR,OP05-006,"[On Play] If your Leader has the [Revolutionary Army] type, give up to 1 of your opponent's Characters -3000 power during this turn.",Red,Character,,3000,Revolutionary Army,Strike,2,2000
527665,Zoro-Juurou (Alternate Art),Zoro Juurou Alternate Art,https://tcgplayer-cdn.tcgplayer.com/product/527665_200w.jpg,68,23213,https://cpt.tcgcsv.com/k5f6,2023-12-08T05:03:11.723,1,10.0,13.51,54.22,12.83,,Foil,R,OP05-067,"[When Attacking] If you have 3 or less Life cards, add up to 1 DON!! card from your DON!! deck and set it as active.",Purple,Character,,4000,Straw Hat Crew,Slash,3,1000
527666,Rob Lucci (093) (Alternate Art),Rob Lucci 093 Alternate Art,https://tcgplayer-cdn.tcgplayer.com/product/527666_200w.jpg,68,23213,https://cpt.tcgcsv.com/l5f6,2023-12-08T05:03:11.723,1,9.73,15.0,98.0,12.97,,Foil,SR,OP05-093,[On Play] <strong>You may place 3 cards from your trash at the bottom of your deck in any order</strong>: K.O. up to 1 of your opponent's Characters with a cost of 2 or less and up to 1 of your opponent's Characters with a cost of 1 or less.,Black,Character,,6000,CP0,Strike,4,
527793,Ulti,Ulti,https://tcgplayer-cdn.tcgplayer.com/product/527793_200w.jpg,68,23213,https://cpt.tcgcsv.com/T7f6,2023-12-08T05:03:11.723,1,0.01,0.45,8.5,0.23,,Foil,SR,OP05-043,"[On Play] If your Leader is multicolored, look at 3 cards from the top of your deck and add up to 1 card to your hand. Then, place the rest at the top or bottom of the deck in any order.",Blue,Character,,5000,Animal Kingdom Pirates,Strike,4,1000
527794,Ulti (Alternate Art),Ulti Alternate Art,https://tcgplayer-cdn.tcgplayer.com/product/527794_200w.jpg,68,23213,https://cpt.tcgcsv.com/V7f6,2023-12-08T05:03:11.723,1,2.98,5.0,175.0,3.67,,Foil,SR,OP05-043,"[On Play] If your Leader is multicolored, look at 3 cards from the top of your deck and add up to 1 card to your hand. Then, place the rest at the top or bottom of the deck in any order.",Blue,Character,,5000,Animal Kingdom Pirates,Strike,4,1000
527842,Borsalino,Borsalino,https://tcgplayer-cdn.tcgplayer.com/product/527842_200w.jpg,68,23213,https://cpt.tcgcsv.com/S8f6,2023-12-08T05:03:11.723,1,0.01,0.5,9.0,0.29,,Foil,SR,OP05-051,[On Play] Place up to 1 Character with a cost of 4 or less at the bottom of the owner's deck.,Blue,Character,,8000,Navy,Special,7,
527843,Borsalino (Alternate Art),Borsalino Alternate Art,https://tcgplayer-cdn.tcgplayer.com/product/527843_200w.jpg,68,23213,https://cpt.tcgcsv.com/T8f6,2023-12-08T05:03:11.723,1,1.75,4.69,35.0,2.34,,Foil,SR,OP05-051,[On Play] Place up to 1 Character with a cost of 4 or less at the bottom of the owner's deck.,Blue,Character,,8000,Navy,Special,7,
527873,Baby 5 (034),Baby 5 034,https://tcgplayer-cdn.tcgplayer.com/product/527873_200w.jpg,68,23213,https://cpt.tcgcsv.com/t9f6,2023-12-08T05:03:11.723,1,0.01,0.3,2.5,0.18,,Foil,R,OP05-034,"[Activate:Main] (1) <em>(You may rest the specified number of DON!! cards in your cost area.)</em> <strong>You may rest this Character</strong>: Look at 5 cards from the top of your deck; reveal up to 1 [Donquixote Pirates] type card and add it to your hand. Then, place the rest at the bottom of your deck in any order.",Green,Character,,1000,Donquixote Pirates,Special,1,1000
527874,Baby 5 (034) (Alternate Art),Baby 5 034 Alternate Art,https://tcgplayer-cdn.tcgplayer.com/product/527874_200w.jpg,68,23213,https://cpt.tcgcsv.com/v9f6,2023-12-08T05:03:11.723,1,13.43,15.38,99.99,14.44,,Foil,R,OP05-034,"[Activate:Main] (1) <em>(You may rest the specified number of DON!! cards in your cost area.)</em> <strong>You may rest this Character</strong>: Look at 5 cards from the top of your deck; reveal up to 1 [Donquixote Pirates] type card and add it to your hand. Then, place the rest at the bottom of your deck in any order.",Green,Character,,1000,Donquixote Pirates,Special,1,1000
527875,Trafalgar Law (069),Trafalgar Law 069,https://tcgplayer-cdn.tcgplayer.com/product/527875_200w.jpg,68,23213,https://cpt.tcgcsv.com/w9f6,2023-12-08T05:03:11.723,1,0.05,0.5,9.34,0.55,,Foil,SR,OP05-069,"[When Attacking] If your opponent has more DON!! cards on their field than you, look at 5 cards from the top of your deck; reveal up to 1 [Heart Pirates] type card and add it to your hand. Then, place the rest at the bottom of your deck in any order.",Purple,Character,,5000,Heart Pirates,Slash,3,
528036,Mansherry,Mansherry,https://tcgplayer-cdn.tcgplayer.com/product/528036_200w.jpg,68,23213,https://cpt.tcgcsv.com/Ldf6,2023-12-08T05:03:11.723,1,0.08,0.25,7.44,0.23,,Foil,R,OP05-088,[Activate:Main] (1) <em>(You may rest the specified number of DON!! cards in your cost area.)</em> <strong>You may rest this Character and place 2 cards from your trash at the bottom of your deck in any order</strong>: Add up to 1 black Character card with a cost of 3 to 5 from your trash to your hand.,Black,Character,,0,Dressrosa;The Tontattas,Special,1,1000
528037,Mansherry (Alternate Art),Mansherry Alternate Art,https://tcgplayer-cdn.tcgplayer.com/product/528037_200w.jpg,68,23213,https://cpt.tcgcsv.com/Mdf6,2023-12-08T05:03:11.723,1,9.48,14.97,75.0,13.87,,Foil,R,OP05-088,[Activate:Main] (1) <em>(You may rest the specified number of DON!! cards in your cost area.)</em> <strong>You may rest this Character and place 2 cards from your trash at the bottom of your deck in any order</strong>: Add up to 1 black Character card with a cost of 3 to 5 from your trash to your hand.,Black,Character,,0,Dressrosa;The Tontattas,Special,1,1000
528164,Rob Lucci (093),Rob Lucci 093,https://tcgplayer-cdn.tcgplayer.com/product/528164_200w.jpg,68,23213,https://cpt.tcgcsv.com/jhf6,2023-12-08T05:03:11.723,1,0.25,1.0,15.0,0.75,,Foil,SR,OP05-093,[On Play] <strong>You may place 3 cards from your trash at the bottom of your deck in any order</strong>: K.O. up to 1 of your opponent's Characters with a cost of 2 or less and up to 1 of your opponent's Characters with a cost of 1 or less.,Black,Character,,6000,CP0,Strike,4,
528165,Rebecca,Rebecca,https://tcgplayer-cdn.tcgplayer.com/product/528165_200w.jpg,68,23213,https://cpt.tcgcsv.com/khf6,2023-12-08T05:03:11.723,1,1.94,7.25,29.95,5.28,,Foil,SR,OP05-091,"[Blocker]
<br>
[On Play] Add up to 1 black Character card with a cost of 3 to 7 other than [Rebecca] from your trash to your hand. Then, play up to 1 black Character card with a cost of 3 or less from your hand rested.",Black,Character,,0,Dressrosa,Wisdom,4,1000
528166,Rebecca (Alternate Art),Rebecca Alternate Art,https://tcgplayer-cdn.tcgplayer.com/product/528166_200w.jpg,68,23213,https://cpt.tcgcsv.com/lhf6,2023-12-08T05:03:11.723,1,22.0,30.87,150.0,28.73,,Foil,SR,OP05-091,"[Blocker]
<br>
[On Play] Add up to 1 black Character card with a cost of 3 to 7 other than [Rebecca] from your trash to your hand. Then, play up to 1 black Character card with a cost of 3 or less from your hand rested.",Black,Character,,0,Dressrosa,Wisdom,4,1000
528168,Belo Betty (015) (Alternate Art),Belo Betty 015 Alternate Art,https://tcgplayer-cdn.tcgplayer.com/product/528168_200w.jpg,68,23213,https://cpt.tcgcsv.com/nhf6,2023-12-08T05:03:11.723,1,8.0,11.0,45.0,9.8,,Foil,R,OP05-015,"[On Play] Look at 5 cards from the top of your deck; reveal up to 1 [Revolutionary Army] type card other than [Belo Betty] and add it to your hand. Then, place the rest at the bottom of your deck in any order.",Red,Character,,2000,Revolutionary Army,Special,1,1000
528169,Gedatsu (Alternate Art),Gedatsu Alternate Art,https://tcgplayer-cdn.tcgplayer.com/product/528169_200w.jpg,68,23213,https://cpt.tcgcsv.com/phf6,2023-12-08T05:03:11.723,1,6.76,10.53,40.0,9.11,,Foil,R,OP05-102,[On Play] K.O. up to 1 of your opponent's Characters with a cost equal to or less than the number of your opponent's Life cards.,Yellow,Character,,6000,Sky Island;Vassals,Strike,5,1000
528314,X.Drake (Alternate Art),XDrake Alternate Art,https://tcgplayer-cdn.tcgplayer.com/product/528314_200w.jpg,68,23213,https://cpt.tcgcsv.com/jlf6,2023-12-08T05:03:11.723,1,0.92,3.49,175.0,2.23,,Foil,R,OP05-055,"[Blocker] <em>(After your opponent declares an attack, you may rest this card to make it the new target of the attack.)</em>
<br>
[On Play] Look at 5 cards from the top of your deck and place them at the top or bottom of the deck in any order.",Blue,Character,,6000,Animal Kingdom Pirates;Drake Pirates;Navy,Slash,5,1000
528315,Kaido (118) (Alternate Art),Kaido 118 Alternate Art,https://tcgplayer-cdn.tcgplayer.com/product/528315_200w.jpg,68,23213,https://cpt.tcgcsv.com/klf6,2023-12-08T05:03:11.723,1,6.51,9.86,100.0,7.37,,Foil,SEC,OP05-118,[On Play] Draw 4 cards if your opponent has 3 or less Life cards.,Blue,Character,,12000,Animal Kingdom Pirates;The Four Emperors,Special,10,
528529,Sabo (001),Sabo 001,https://tcgplayer-cdn.tcgplayer.com/product/528529_200w.jpg,68,23213,https://cpt.tcgcsv.com/Cqf6,2023-12-08T05:03:11.723,1,0.01,0.13,2.0,0.12,,Normal,L,OP05-001,"[DON!! x1][Opponent's Turn][Once Per Turn] If your Character with 5000 power or more would be K.O.'d, you may give that Character -1000 power during this turn instead of that Character being K.O.'d.",Red;Black,Leader,4,5000,Revolutionary Army,Special,,
528531,Belo Betty (002),Belo Betty 002,https://tcgplayer-cdn.tcgplayer.com/product/528531_200w.jpg,68,23213,https://cpt.tcgcsv.com/Fqf6,2023-12-08T05:03:11.723,1,0.02,0.15,2.0,0.12,,Normal,L,OP05-002,[Activate:Main][Once Per Turn] <strong>You may trash 1 [Revolutionary Army] type card from your hand</strong>: Up to 3 of your [Revolutionary Army] type Characters or Characters with a [Trigger] gain +3000 power during this turn.,Red;Yellow,Leader,4,5000,Revolutionary Army,Special,,
528532,Inazuma,Inazuma,https://tcgplayer-cdn.tcgplayer.com/product/528532_200w.jpg,68,23213,https://cpt.tcgcsv.com/Gqf6,2023-12-08T05:03:11.723,1,0.01,0.2,4.95,0.14,,Normal,UC,OP05-003,"If you have a Character with 7000 power or more other than this Character, this Character gains [Rush]. <em>(This card can attack on the turn in which it is played.)</em>",Red,Character,,4000,Revolutionary Army,Slash,3,1000
528533,Emporio.Ivankov,EmporioIvankov,https://tcgplayer-cdn.tcgplayer.com/product/528533_200w.jpg,68,23213,https://cpt.tcgcsv.com/Hqf6,2023-12-08T05:03:11.723,1,0.05,0.25,4.95,0.19,,Normal,UC,OP05-004,"[Activate:Main][Once Per Turn] If this Character has 7000 power or more, play up to 1 [Revolutionary Army] type Character card with 5000 power or less other than [Emporio.Ivankov] from your hand.",Red,Character,,5000,Revolutionary Army,Special,4,1000
528536,Karasu,Karasu,https://tcgplayer-cdn.tcgplayer.com/product/528536_200w.jpg,68,23213,https://cpt.tcgcsv.com/Lqf6,2023-12-08T05:03:11.723,1,0.01,0.5,30.0,0.35,,Foil,R,OP05-005,"[On Play] If your Leader has the [Revolutionary Army] type, give up to 1 of your opponent's Leader or Character cards -1000 power during this turn.
<br>
[When Attacking] If this Character has 7000 power or more, give up to 1 of your opponent's Leader or Character cards -1000 power during this turn.",Red,Character,,5000,Revolutionary Army,Special,4,1000
528537,Chaka,Chaka,https://tcgplayer-cdn.tcgplayer.com/product/528537_200w.jpg,68,23213,https://cpt.tcgcsv.com/Mqf6,2023-12-08T05:03:11.723,1,0.01,0.13,4.95,0.13,,Normal,UC,OP05-008,[DON!! x1][Activate:Main][Once Per Turn] Give up to 2 rested DON!! cards to your Leader or 1 of your Characters.,Red,Character,,6000,Alabasta,Slash,5,1000
528538,Toh-Toh,Toh Toh,https://tcgplayer-cdn.tcgplayer.com/product/528538_200w.jpg,68,23213,https://cpt.tcgcsv.com/Nqf6,2023-12-08T05:03:11.723,1,0.01,0.1,4.95,0.03,,Normal,C,OP05-009,[On Play] Draw 1 card if your Leader has 0 power or less.,Red,Character,,0,Alabasta,Wisdom,1,2000
528539,Nico Robin,Nico Robin,https://tcgplayer-cdn.tcgplayer.com/product/528539_200w.jpg,68,23213,https://cpt.tcgcsv.com/Pqf6,2023-12-08T05:03:11.723,1,0.03,0.25,4.95,0.28,,Normal,UC,OP05-010,[On Play] K.O. up to 1 of your opponent's Characters with 1000 power or less.,Red,Character,,2000,Straw Hat Crew,Strike,1,1000
528540,Bartholomew Kuma,Bartholomew Kuma,https://tcgplayer-cdn.tcgplayer.com/product/528540_200w.jpg,68,23213,https://cpt.tcgcsv.com/Qqf6,2023-12-08T05:03:11.723,1,0.01,0.14,4.95,0.11,,Normal,C,OP05-011,"[On Play] K.O. up to 1 of your opponent's Characters with 2000 power or less.
<br>
[Trigger] If your Leader is multicolored, play this card.",Red,Character,,2000,Revolutionary Army;The Seven Warlords of the Sea,Strike,2,1000
528541,Hack,Hack,https://tcgplayer-cdn.tcgplayer.com/product/528541_200w.jpg,68,23213,https://cpt.tcgcsv.com/Rqf6,2023-12-08T05:03:11.723,1,0.01,0.1,4.95,0.04,,Normal,C,OP05-012,,Red,Character,,5000,Fish-Man;Revolutionary Army,Strike,3,1000
528542,Bunny Joe,Bunny Joe,https://tcgplayer-cdn.tcgplayer.com/product/528542_200w.jpg,68,23213,https://cpt.tcgcsv.com/Sqf6,2023-12-08T05:03:11.723,1,0.01,0.1,4.95,0.05,,Normal,C,OP05-013,"[Blocker] <em>(After your opponent declares an attack, you may rest this card to make it the new target of the attack.)</em>",Red,Character,,2000,Revolutionary Army,Ranged,2,1000
528543,Pell,Pell,https://tcgplayer-cdn.tcgplayer.com/product/528543_200w.jpg,68,23213,https://cpt.tcgcsv.com/Tqf6,2023-12-08T05:03:11.723,1,0.01,0.1,4.95,0.1,,Normal,C,OP05-014,[DON!! x1][When Attacking] Give up to 1 of your opponent's Characters -2000 power during this turn.,Red,Character,,4000,Alabasta,Slash,3,1000
528545,Belo Betty (015),Belo Betty 015,https://tcgplayer-cdn.tcgplayer.com/product/528545_200w.jpg,68,23213,https://cpt.tcgcsv.com/Wqf6,2023-12-08T05:03:11.723,1,0.02,0.25,35.0,0.17,,Foil,R,OP05-015,"[On Play] Look at 5 cards from the top of your deck; reveal up to 1 [Revolutionary Army] type card other than [Belo Betty] and add it to your hand. Then, place the rest at the bottom of your deck in any order.",Red,Character,,2000,Revolutionary Army,Special,1,1000
528547,Morley,Morley,https://tcgplayer-cdn.tcgplayer.com/product/528547_200w.jpg,68,23213,https://cpt.tcgcsv.com/Zqf6,2023-12-08T05:03:11.723,1,0.01,0.25,4.95,0.17,,Foil,R,OP05-016,"[When Attacking] If this Character has 7000 power or more, your opponent cannot activate [Blocker] during this battle.
<br>
[Trigger] <strong>You may trash 1 card from your hand</strong>: If your Leader is multicolored, play this card.",Red,Character,,5000,Giant;Revolutionary Army,Special,3,
528548,Lindbergh,Lindbergh,https://tcgplayer-cdn.tcgplayer.com/product/528548_200w.jpg,68,23213,https://cpt.tcgcsv.com/-qf6,2023-12-08T05:03:11.723,1,0.01,0.45,2.25,0.37,,Foil,R,OP05-017,"[When Attacking] If this Character has 7000 power or more, K.O. up to 1 of your opponent's Characters with 3000 power or less.
<br>
[Trigger] <strong>You may trash 1 card from your hand</strong>: If your Leader is multicolored, play this card.",Red,Character,,5000,Minks;Revolutionary Army,Special,4,1000
528550,Emporio Energy Hormone,Emporio Energy Hormone,https://tcgplayer-cdn.tcgplayer.com/product/528550_200w.jpg,68,23213,https://cpt.tcgcsv.com/0rf6,2023-12-08T05:03:11.723,1,0.01,0.1,4.95,0.06,,Normal,C,OP05-018,"[Counter] Up to 1 of your Leader or Character cards gains +3000 power during this battle. Then, play up to 1 [Revolutionary Army] type Character card with 5000 power or less from your hand.
<br>
[Trigger] Play up to 1 [Revolutionary Army] type Character card with 5000 power or less from your hand.",Red,Event,,,Revolutionary Army,,3,
528551,Fire Fist,Fire Fist,https://tcgplayer-cdn.tcgplayer.com/product/528551_200w.jpg,68,23213,https://cpt.tcgcsv.com/2rf6,2023-12-08T05:03:11.723,1,0.02,0.25,4.95,0.14,,Foil,R,OP05-019,"[Main] Give up to 1 of your opponent's Characters -4000 power during this turn. Then, if you have 2 or less Life cards, K.O. up to 1 of your opponent's Characters with 0 power or less.
<br>
[Trigger] Activate this card's [Main] effect.",Red,Event,,,Revolutionary Army,,2,
528553,Four Thousand-Brick Fist,Four Thousand Brick Fist,https://tcgplayer-cdn.tcgplayer.com/product/528553_200w.jpg,68,23213,https://cpt.tcgcsv.com/5rf6,2023-12-08T05:03:11.723,1,0.01,0.1,4.95,0.08,,Normal,UC,OP05-020,"[Main] Up to 1 of your Leader or Character cards gains +2000 power during this turn. Then, K.O. up to 1 of your opponent's Characters with 2000 power or less.
<br>
[Trigger] Up to 1 of your Leader or Character cards gains +1000 power during this turn.",Red,Event,,,Fish-Man;Revolutionary Army,,2,
528555,Revolutionary Army HQ,Revolutionary Army HQ,https://tcgplayer-cdn.tcgplayer.com/product/528555_200w.jpg,68,23213,https://cpt.tcgcsv.com/7rf6,2023-12-08T05:03:11.723,1,0.01,0.1,4.95,0.09,,Normal,UC,OP05-021,"[Activate:Main] <strong>You may trash 1 card from your hand and rest this Stage</strong>: Look at 3 cards from the top of your deck; reveal up to 1 [Revolutionary Army] type card and add it to your hand. Then, place the rest at the bottom of your deck in any order.",Red,Stage,,,Revolutionary Army,,1,
528557,Donquixote Rosinante (022),Donquixote Rosinante 022,https://tcgplayer-cdn.tcgplayer.com/product/528557_200w.jpg,68,23213,https://cpt.tcgcsv.com/9rf6,2023-12-08T05:03:11.723,1,0.01,0.15,2.0,0.08,,Normal,L,OP05-022,"[Blocker] <em>(After your opponent declares an attack, you may rest this card to make it the new target of the attack.)</em>
<br>
[End of Your Turn] If you have 6 or less cards in your hand, set this Leader as active.",Blue;Green,Leader,4,5000,Donquixote Pirates;Navy,Special,,
528559,Vergo,Vergo,https://tcgplayer-cdn.tcgplayer.com/product/528559_200w.jpg,68,23213,https://cpt.tcgcsv.com/crf6,2023-12-08T05:03:11.723,1,0.01,0.15,4.95,0.14,,Foil,R,OP05-023,[DON!! x1][When Attacking] K.O. up to 1 of your opponent's rested Characters with a cost of 3 or less.,Green,Character,,4000,Donquixote Pirates;Navy,Strike,3,1000
528560,Kuween,Kuween,https://tcgplayer-cdn.tcgplayer.com/product/528560_200w.jpg,68,23213,https://cpt.tcgcsv.com/drf6,2023-12-08T05:03:11.723,1,0.01,0.1,4.95,0.02,,Normal,C,OP05-024,"[Blocker] <em>(After your opponent declares an attack, you may rest this card to make it the new target of the attack.)</em>",Green,Character,,2000,Donquixote Pirates,Strike,2,1000
528562,Gladius,Gladius,https://tcgplayer-cdn.tcgplayer.com/product/528562_200w.jpg,68,23213,https://cpt.tcgcsv.com/grf6,2023-12-08T05:03:11.723,1,0.01,0.1,4.95,0.04,,Normal,C,OP05-025,[Activate:Main] <strong>You may rest this Character</strong>: Rest up to 1 of your opponent's Characters with a cost of 3 or less.,Green,Character,,6000,Donquixote Pirates,Special,5,1000
528564,Sarquiss,Sarquiss,https://tcgplayer-cdn.tcgplayer.com/product/528564_200w.jpg,68,23213,https://cpt.tcgcsv.com/jrf6,2023-12-08T05:03:11.723,1,0.01,0.1,4.95,0.03,,Normal,C,OP05-026,[DON!! x1][When Attacking][Once Per Turn] <strong>You may rest 1 of your Characters with a cost of 3 or more</strong>: Set this Character as active.,Green,Character,,4000,Bellamy Pirates,Slash,4,1000
528566,Trafalgar Law (027),Trafalgar Law 027,https://tcgplayer-cdn.tcgplayer.com/product/528566_200w.jpg,68,23213,https://cpt.tcgcsv.com/lrf6,2023-12-08T05:03:11.723,1,0.01,0.1,4.95,0.06,,Normal,UC,OP05-027,[Activate:Main] <strong>You may trash this Character</strong>: Rest up to 1 of your opponent's Characters with a cost of 3 or less.,Green,Character,,2000,Donquixote Pirates,Wisdom,1,1000
528568,Donquixote Doflamingo (028),Donquixote Doflamingo 028,https://tcgplayer-cdn.tcgplayer.com/product/528568_200w.jpg,68,23213,https://cpt.tcgcsv.com/nrf6,2023-12-08T05:03:11.723,1,0.01,0.1,4.95,0.04,,Normal,C,OP05-028,[Activate:Main] <strong>You may trash this Character</strong>: K.O. up to 1 of your opponent's rested Characters with a cost of 2 or less.,Green,Character,,2000,Donquixote Pirates,Ranged,1,1000
528571,Donquixote Doflamingo (029),Donquixote Doflamingo 029,https://tcgplayer-cdn.tcgplayer.com/product/528571_200w.jpg,68,23213,https://cpt.tcgcsv.com/rrf6,2023-12-08T05:03:11.723,1,0.01,0.1,4.95,0.07,,Normal,UC,OP05-029,[On Your Opponent's Attack][Once Per Turn] (1) <em>(You may rest the specified number of DON!! cards in your cost area.)</em>: Rest up to 1 of your opponent's Characters with a cost of 6 or less.,Green,Character,,8000,Donquixote Pirates,Special,7,
528574,Donquixote Rosinante (030),Donquixote Rosinante 030,https://tcgplayer-cdn.tcgplayer.com/product/528574_200w.jpg,68,23213,https://cpt.tcgcsv.com/vrf6,2023-12-08T05:03:11.723,1,1.1,1.75,4.95,1.68,,Foil,R,OP05-030,"[Blocker] <em>(After your opponent declares an attack, you may rest this card to make it the new target of the attack.)</em>
<br>
[Opponent's Turn] If your rested Character would be K.O.'d, you may trash this Character instead.",Green,Character,,1000,Donquixote Pirates;Navy,Special,2,1000
528575,Buffalo,Buffalo,https://tcgplayer-cdn.tcgplayer.com/product/528575_200w.jpg,68,23213,https://cpt.tcgcsv.com/wrf6,2023-12-08T05:03:11.723,1,0.01,0.1,4.95,0.03,,Normal,C,OP05-031,"[When Attacking][Once Per Turn] If you have 2 or more rested Characters, set up to 1 of your rested Characters with a cost of 1 as active.",Green,Character,,4000,Donquixote Pirates,Strike,3,1000
528577,Pica,Pica,https://tcgplayer-cdn.tcgplayer.com/product/528577_200w.jpg,68,23213,https://cpt.tcgcsv.com/zrf6,2023-12-08T05:03:11.723,1,0.01,0.25,10.0,0.18,,Foil,SR,OP05-032,"[End of Your Turn] (1): Set this Character as active.
<br>
[Once Per Turn] If this Character would be K.O.'d, you may rest up to 1 of your Characters with a cost of 3 or more other than [Pica] instead.",Green,Character,,6000,Donquixote Pirates,Strike,4,
528578,Pica (Alternate Art),Pica Alternate Art,https://tcgplayer-cdn.tcgplayer.com/product/528578_200w.jpg,68,23213,https://cpt.tcgcsv.com/Brf6,2023-12-08T05:03:11.723,1,1.57,3.0,150.0,2.02,,Foil,SR,OP05-032,"[End of Your Turn] (1): Set this Character as active.
<br>
[Once Per Turn] If this Character would be K.O.'d, you may rest up to 1 of your Characters with a cost of 3 or more other than [Pica] instead.",Green,Character,,6000,Donquixote Pirates,Strike,4,
528579,Baby 5 (033),Baby 5 033,https://tcgplayer-cdn.tcgplayer.com/product/528579_200w.jpg,68,23213,https://cpt.tcgcsv.com/Crf6,2023-12-08T05:03:11.723,1,0.01,0.1,4.95,0.04,,Normal,C,OP05-033,[Activate:Main] (1) <em>(You may rest the specified number of DON!! cards in your cost area.)</em> <strong>You may rest this Character</strong>: Play up to 1 [Donquixote Pirates] type Character card with a cost of 2 or less from your hand.,Green,Character,,1000,Donquixote Pirates,Special,1,1000
528580,Bellamy,Bellamy,https://tcgplayer-cdn.tcgplayer.com/product/528580_200w.jpg,68,23213,https://cpt.tcgcsv.com/Drf6,2023-12-08T05:03:11.723,1,0.01,0.1,4.95,0.05,,Normal,C,OP05-035,,Green,Character,,5000,Donquixote Pirates,Strike,3,1000
528581,Monet,Monet,https://tcgplayer-cdn.tcgplayer.com/product/528581_200w.jpg,68,23213,https://cpt.tcgcsv.com/Frf6,2023-12-08T05:03:11.723,1,0.01,0.15,4.95,0.12,,Normal,UC,OP05-036,"[Blocker] <em>(After your opponent declares an attack, you may rest this card to make it the new target of the attack.)</em>
<br>
[On Block] Rest up to 1 of your opponent's Characters with a cost of 4 or less.",Green,Character,,1000,Donquixote Pirates,Special,3,1000
528582,Because the Side of Justice Will Be Whichever Side Wins!!,Because the Side of Justice Will Be Whichever Side Wins,https://tcgplayer-cdn.tcgplayer.com/product/528582_200w.jpg,68,23213,https://cpt.tcgcsv.com/Grf6,2023-12-08T05:03:11.723,1,0.01,0.4,4.0,0.38,,Foil,R,OP05-037,"[Counter] <strong>You may trash 1 card from your hand</strong>: Up to 1 of your Leader or Character cards gains +3000 power during this battle.
<br>
[Trigger] Rest up to 1 of your opponent's Characters with a cost of 4 or less.",Green,Event,,,Donquixote Pirates,,0,
528583,Charlestone,Charlestone,https://tcgplayer-cdn.tcgplayer.com/product/528583_200w.jpg,68,23213,https://cpt.tcgcsv.com/Hrf6,2023-12-08T05:03:11.723,1,0.01,0.1,4.95,0.04,,Normal,C,OP05-038,"[Counter] Up to 1 of your Leader or Character cards gains +4000 power during this battle. Then, you may trash 1 card from your hand. If you do, set up to 3 of your DON!! cards as active.
<br>
[Trigger] Rest up to 1 of your opponent's Leader or Character cards with a cost of 3 or less.",Green,Event,,,Donquixote Pirates,,2,
528584,Stick-Stickem Meteora,Stick Stickem Meteora,https://tcgplayer-cdn.tcgplayer.com/product/528584_200w.jpg,68,23213,https://cpt.tcgcsv.com/Jrf6,2023-12-08T05:03:11.723,1,0.01,0.1,4.95,0.05,,Normal,UC,OP05-039,"[Counter] Up to 1 of your Leader or Character cards gains +4000 power during this battle. Then, K.O. up to 1 of your opponent's rested Characters with a cost of 3 or less.
<br>
[Trigger] K.O. up to 1 of your opponent's rested Characters with a cost of 5 or less.",Green,Event,,,Donquixote Pirates,,2,
528585,Birdcage,Birdcage,https://tcgplayer-cdn.tcgplayer.com/product/528585_200w.jpg,68,23213,https://cpt.tcgcsv.com/Krf6,2023-12-08T05:03:11.723,1,0.01,0.1,4.95,0.07,,Normal,C,OP05-040,"If your Leader is [Donquixote Doflamingo], all Characters with a cost of 5 or less do not become active in your and your opponent's Refresh Phases.
<br>
[End of Your Turn] If you have 10 DON!! cards on your field, K.O. all rested Characters with a cost of 5 or less. Then, trash this SAtage.",Green,Stage,,,,,5,
528595,Sakazuki,Sakazuki,https://tcgplayer-cdn.tcgplayer.com/product/528595_200w.jpg,68,23213,https://cpt.tcgcsv.com/Wrf6,2023-12-08T05:03:11.723,1,0.01,0.15,2.0,0.11,,Normal,L,OP05-041,"[Activate:Main][Once Per Turn] <strong>You may trash 1 card from your hand</strong>: Draw 1 card.
<br>
[When Attacking] Give up to 1 of your opponent's Characters -1 cost during this turn.",Blue;Black,Leader,4,5000,Navy,Special,,
528597,Issho,Issho,https://tcgplayer-cdn.tcgplayer.com/product/528597_200w.jpg,68,23213,https://cpt.tcgcsv.com/Zrf6,2023-12-08T05:03:11.723,1,0.01,0.15,4.95,0.1,,Foil,R,OP05-042,[On Play] Up to 1 of your opponent's Characters with a cost of 7 or less cannot attack until the start of your next turn.,Blue,Character,,6000,Navy,Special,6,1000
528600,John Giant,John Giant,https://tcgplayer-cdn.tcgplayer.com/product/528600_200w.jpg,68,23213,https://cpt.tcgcsv.com/0sf6,2023-12-08T05:03:11.723,1,0.01,0.1,4.95,0.04,,Normal,C,OP05-044,,Blue,Character,,10000,Giant;Navy,Slash,8,1000
528601,Stainless,Stainless,https://tcgplayer-cdn.tcgplayer.com/product/528601_200w.jpg,68,23213,https://cpt.tcgcsv.com/2sf6,2023-12-08T05:03:11.723,1,0.01,0.1,4.95,0.03,,Normal,C,OP05-045,[Activate:Main] <strong>You may trash 1 card from your hand and rest this Character</strong>: Place up to 1 Character with a cost of 2 or less at the bottom of the owner's deck.,Blue,Character,,5000,Navy,Slash,4,1000
528602,Dalmatian,Dalmatian,https://tcgplayer-cdn.tcgplayer.com/product/528602_200w.jpg,68,23213,https://cpt.tcgcsv.com/3sf6,2023-12-08T05:03:11.723,1,0.01,0.1,4.95,0.03,,Normal,C,OP05-046,[On K.O.] Draw 1 card and place 1 card from your hand at the bottom of your deck.,Blue,Character,,5000,Navy,Strike,4,1000
528603,Basil Hawkins,Basil Hawkins,https://tcgplayer-cdn.tcgplayer.com/product/528603_200w.jpg,68,23213,https://cpt.tcgcsv.com/5sf6,2023-12-08T05:03:11.723,1,0.01,0.1,4.95,0.06,,Normal,C,OP05-047,"[Blocker] <em>(After your opponent declares an attack, you may rest this card to make it the new target of the attack.)</em>
<br>
[On Block] Draw 1 card if you have 3 or less cards in your hand. Then, this Character gains +1000 power during this battle.",Blue,Character,,5000,Animal Kingdom Pirates;Hawkins Pirates,Slash,4,1000
528604,Bastille,Bastille,https://tcgplayer-cdn.tcgplayer.com/product/528604_200w.jpg,68,23213,https://cpt.tcgcsv.com/6sf6,2023-12-08T05:03:11.723,1,0.01,0.1,4.95,0.06,,Normal,UC,OP05-048,[DON!! x1][When Attacking] Place up to 1 Character with a cost of 2 or less at the bottom of the owner's deck.,Blue,Character,,6000,Navy,Slash,5,1000
528605,Haccha,Haccha,https://tcgplayer-cdn.tcgplayer.com/product/528605_200w.jpg,68,23213,https://cpt.tcgcsv.com/7sf6,2023-12-08T05:03:11.723,1,0.01,0.1,4.95,0.04,,Normal,UC,OP05-049,[DON!! x1][When Attacking] Return up to 1 Character with a cost of 3 or less to the owner's hand.,Blue,Character,,7000,Animal Kingdom Pirates;Giant,Strike,6,
528607,Hina,Hina,https://tcgplayer-cdn.tcgplayer.com/product/528607_200w.jpg,68,23213,https://cpt.tcgcsv.com/9sf6,2023-12-08T05:03:11.723,1,0.01,0.18,7.99,0.15,,Foil,R,OP05-050,[On Play] Draw 1 card if you have 5 or less cards in your hand.,Blue,Character,,4000,Navy,Special,3,1000
528608,Maynard,Maynard,https://tcgplayer-cdn.tcgplayer.com/product/528608_200w.jpg,68,23213,https://cpt.tcgcsv.com/bsf6,2023-12-08T05:03:11.723,1,0.01,0.1,4.95,0.03,,Normal,C,OP05-052,"[Blocker] <em>(After your opponent declares an attack, you may rest this card to make it the new target of the attack.)</em>",Blue,Character,,2000,Navy,Wisdom,2,1000
528609,Mozambia,Mozambia,https://tcgplayer-cdn.tcgplayer.com/product/528609_200w.jpg,68,23213,https://cpt.tcgcsv.com/csf6,2023-12-08T05:03:11.723,1,0.01,0.1,4.95,0.06,,Normal,C,OP05-053,"[Your Turn][Once Per Turn] When you draw a card outside of your Draw Phase, this Character gains +2000 power during this turn.",Blue,Character,,2000,Navy,Slash,1,1000
528610,Monkey.D.Garp,MonkeyDGarp,https://tcgplayer-cdn.tcgplayer.com/product/528610_200w.jpg,68,23213,https://cpt.tcgcsv.com/dsf6,2023-12-08T05:03:11.723,1,0.01,0.12,4.95,0.09,,Normal,UC,OP05-054,[On Play] Draw 2 cards and place 2 cards from your hand at the bottom of your deck in any order.,Blue,Character,,3000,Navy,Strike,3,2000
528611,X.Drake,XDrake,https://tcgplayer-cdn.tcgplayer.com/product/528611_200w.jpg,68,23213,https://cpt.tcgcsv.com/fsf6,2023-12-08T05:03:11.723,1,0.01,0.2,4.95,0.1,,Foil,R,OP05-055,"[Blocker] <em>(After your opponent declares an attack, you may rest this card to make it the new target of the attack.)</em>
<br>
[On Play] Look at 5 cards from the top of your deck and place them at the top or bottom of the deck in any order.",Blue,Character,,6000,Animal Kingdom Pirates;Drake Pirates;Navy,Slash,5,1000
528612,X.Barrels,XBarrels,https://tcgplayer-cdn.tcgplayer.com/product/528612_200w.jpg,68,23213,https://cpt.tcgcsv.com/gsf6,2023-12-08T05:03:11.723,1,0.01,0.1,4.95,0.04,,Normal,C,OP05-056,[On Play] <strong>You may place 1 of your Characters other than this Character at the bottom of your deck</strong>: Draw 1 card.,Blue,Character,,2000,Former Navy,Strike,2,1000
528613,Hound Blaze,Hound Blaze,https://tcgplayer-cdn.tcgplayer.com/product/528613_200w.jpg,68,23213,https://cpt.tcgcsv.com/hsf6,2023-12-08T05:03:11.723,1,0.01,0.18,4.95,0.08,,Foil,R,OP05-057,"[Main] Up to 1 of your Leader or Character cards gains +3000 power during this turn. Then, place up to 1 Character with a cost of 2 or less at the bottom of the owner's deck.
<br>
[Trigger] Return up to 1 Character with a cost of 3 or less to the owner's hand.",Blue,Event,,,Navy,,2,
528614,It's a Waste of Human Life!!,Its a Waste of Human Life,https://tcgplayer-cdn.tcgplayer.com/product/528614_200w.jpg,68,23213,https://cpt.tcgcsv.com/jsf6,2023-12-08T05:03:11.723,1,0.01,0.1,4.95,0.04,,Normal,C,OP05-058,"[Main] Place all Characters with a cost of 3 or less at the bottom of the owner's deck. Then, you and your opponent trash cards from your hands until you each have 5 cards in your hands.
<br>
[Trigger] Place all Characters with a cost of 2 or less at the bottom of the owner's deck.",Blue,Event,,,Navy,,8,
528615,Let Us Begin the World of Violence!!,Let Us Begin the World of Violence,https://tcgplayer-cdn.tcgplayer.com/product/528615_200w.jpg,68,23213,https://cpt.tcgcsv.com/ksf6,2023-12-08T05:03:11.723,1,0.01,0.1,4.95,0.06,,Normal,UC,OP05-059,"[Main] If your Leader is multicolored, draw 1 card. Then, return up to 1 Character with a cost of 5 or less to the owner's hand.
<br>
[Trigger] If your Leader is multicolored, draw 2 cards.",Blue,Event,,,Animal Kingdom Pirates;The Four Emperors,,5,
528616,Monkey.D.Luffy (060),MonkeyDLuffy 060,https://tcgplayer-cdn.tcgplayer.com/product/528616_200w.jpg,68,23213,https://cpt.tcgcsv.com/lsf6,2023-12-08T05:03:11.723,1,0.01,0.15,2.0,0.14,,Normal,L,OP05-060,"[Activate:Main][Once Per Turn] <strong>You may add 1 card from the top of your Life cards to your hand</strong>: If you have 0 or 3 or more DON!! cards on your field, add up to 1 DON!! card from your DON!! deck and set it as active.",Purple,Leader,5,5000,Straw Hat Crew,Strike,,
528618,Uso-Hachi,Uso Hachi,https://tcgplayer-cdn.tcgplayer.com/product/528618_200w.jpg,68,23213,https://cpt.tcgcsv.com/nsf6,2023-12-08T05:03:11.723,1,0.01,0.14,4.95,0.1,,Normal,UC,OP05-061,"[DON!! x1][When Attacking] If you have 8 or more DON!! cards on your field, rest up to 1 of your opponent's Characters with a cost of 4 or less.",Purple,Character,,4000,Straw Hat Crew,Ranged,3,2000
528619,O-Nami,O Nami,https://tcgplayer-cdn.tcgplayer.com/product/528619_200w.jpg,68,23213,https://cpt.tcgcsv.com/psf6,2023-12-08T05:03:11.723,1,0.01,0.15,4.95,0.18,,Normal,UC,OP05-062,"If you have 10 DON!! cards on your field, this Character gains [Blocker]. <em>(After your opponent declares an attack, you may rest this card to make it the new target of the attack.)</em>",Purple,Character,,1000,Straw Hat Crew,Special,1,1000
528621,O-Robi,O Robi,https://tcgplayer-cdn.tcgplayer.com/product/528621_200w.jpg,68,23213,https://cpt.tcgcsv.com/rsf6,2023-12-08T05:03:11.723,1,0.01,0.1,4.95,0.09,,Normal,C,OP05-063,"[On Play] If you have 8 or more DON!! cards on your field, K.O. up to 1 of your opponent's Characters with a cost of 3 or less.",Purple,Character,,5000,Straw Hat Crew,Strike,4,1000
528623,Killer,Killer,https://tcgplayer-cdn.tcgplayer.com/product/528623_200w.jpg,68,23213,https://cpt.tcgcsv.com/tsf6,2023-12-08T05:03:11.723,1,0.01,0.17,4.95,0.1,,Foil,R,OP05-064,"[On Play] Look at 5 cards from the top of your deck; reveal up to 1 [Kid Pirates] type card other than [Killer] and add it to your hand. Then, place the rest at the bottom of your deck in any order.",Purple,Character,,2000,Kid Pirates,Slash,1,1000
528624,San-Gorou,San Gorou,https://tcgplayer-cdn.tcgplayer.com/product/528624_200w.jpg,68,23213,https://cpt.tcgcsv.com/vsf6,2023-12-08T05:03:11.723,1,0.01,0.1,4.95,0.07,,Normal,C,OP05-065,,Purple,Character,,8000,Straw Hat Crew,Strike,6,1000
528625,Jinbe,Jinbe,https://tcgplayer-cdn.tcgplayer.com/product/528625_200w.jpg,68,23213,https://cpt.tcgcsv.com/wsf6,2023-12-08T05:03:11.723,1,0.01,0.1,4.95,0.08,,Normal,C,OP05-066,"[Blocker] <em>(After your opponent declares an attack, you may rest this card to make it the new target of the attack.)</em>
<br>
[Opponent's Turn] If you have 10 DON!! cards on your field, this Character gains +1000 power.",Purple,Character,,6000,Fish-Man;Straw Hat Crew,Strike,5,1000
528626,Zoro-Juurou,Zoro Juurou,https://tcgplayer-cdn.tcgplayer.com/product/528626_200w.jpg,68,23213,https://cpt.tcgcsv.com/xsf6,2023-12-08T05:03:11.723,1,0.08,0.39,4.95,0.26,,Foil,R,OP05-067,"[When Attacking] If you have 3 or less Life cards, add up to 1 DON!! card from your DON!! deck and set it as active.",Purple,Character,,4000,Straw Hat Crew,Slash,3,1000
528627,Chopa-Emon,Chopa Emon,https://tcgplayer-cdn.tcgplayer.com/product/528627_200w.jpg,68,23213,https://cpt.tcgcsv.com/zsf6,2023-12-08T05:03:11.723,1,0.01,0.1,4.95,0.09,,Normal,C,OP05-068,"[On Play] If you have 8 or more DON!! cards on your field, set up to 1 of your purple [Straw Hat Crew] type Characters with 6000 power or less as active.",Purple,Character,,3000,Animal;Straw Hat Crew,Wisdom,2,1000
528628,Fra-Nosuke,Fra Nosuke,https://tcgplayer-cdn.tcgplayer.com/product/528628_200w.jpg,68,23213,https://cpt.tcgcsv.com/Bsf6,2023-12-08T05:03:11.723,1,0.01,0.2,4.95,0.11,,Normal,UC,OP05-070,"[DON!! x1] If you have 8 or more DON!! cards on your field, this Character gains [Rush]. <em>(This card can attack on the turn in which it is played.)</em>",Purple,Character,,4000,Straw Hat Crew,Strike,5,2000
528630,Bepo,Bepo,https://tcgplayer-cdn.tcgplayer.com/product/528630_200w.jpg,68,23213,https://cpt.tcgcsv.com/Dsf6,2023-12-08T05:03:11.723,1,0.01,0.15,4.95,0.12,,Foil,R,OP05-071,"[When Attacking] If your opponent has more DON!! cards on their field than you, give up to 1 of your opponent's Characters -2000 power during this turn.",Purple,Character,,5000,Heart Pirates;Minks,Strike,3,
528631,Hone-Kichi,Hone Kichi,https://tcgplayer-cdn.tcgplayer.com/product/528631_200w.jpg,68,23213,https://cpt.tcgcsv.com/Fsf6,2023-12-08T05:03:11.723,1,0.01,0.1,4.95,0.07,,Normal,C,OP05-072,"[On Play] If you have 8 or more DON!! cards on your field, give up to 2 of your opponent's Characters -2000 power during this turn.",Purple,Character,,6000,Straw Hat Crew,Slash,4,
528633,Miss Doublefinger(Zala),Miss DoublefingerZala,https://tcgplayer-cdn.tcgplayer.com/product/528633_200w.jpg,68,23213,https://cpt.tcgcsv.com/Hsf6,2023-12-08T05:03:11.723,1,0.01,0.2,4.95,0.11,,Normal,UC,OP05-073,"[On Play] <strong>You may trash 1 card from your hand</strong>: Add up to 1 DON!! card from your DON!! deck and rest it.
<br>
[Trigger] DON!! -1 <em>(You may return the specified number of DON!! cards from your field to your DON!! deck.)</em>: Play this card.",Purple,Character,,4000,Baroque Works,Slash,4,2000
528634,"Eustass""Captain""Kid",EustassCaptainKid,https://tcgplayer-cdn.tcgplayer.com/product/528634_200w.jpg,68,23213,https://cpt.tcgcsv.com/Jsf6,2023-12-08T05:03:11.723,1,0.99,3.0,90.0,1.59,,Foil,SR,OP05-074,"[Blocker]
<br>
[Your Turn][Once Per Turn] When a DON!! card on your field is returned to your DON!! deck, add up to 1 DON!! card from your DON!! deck and set it as active.",Purple,Character,,6000,Kid Pirates,Special,5,1000
528635,Mr.1 (Daz.Bonez),Mr1 DazBonez,https://tcgplayer-cdn.tcgplayer.com/product/528635_200w.jpg,68,23213,https://cpt.tcgcsv.com/Ksf6,2024-01-08T12:55:06.397,1,0.01,0.1,4.95,0.03,,Normal,C,OP05-075,[On Your Opponent's Attack][Once Per Turn] DON!! -1 <em>(You may return the specified number of DON!! cards from your field to your DON!! deck.)</em>: Play up to 1 [Baroque Works] type Character card with a cost of 3 or less from your hand.,Purple,Character,,1000,Baroque Works,Slash,1,1000
528636,When You're at Sea You Fight against Pirates!!,When Youre at Sea You Fight against Pirates,https://tcgplayer-cdn.tcgplayer.com/product/528636_200w.jpg,68,23213,https://cpt.tcgcsv.com/Lsf6,2023-12-08T05:03:11.723,1,0.01,0.2,4.95,0.2,,Foil,R,OP05-076,"[Main] Look at 3 cards from the top of your deck; reveal up to 1 [Straw Hat Crew], [Kid Pirates], or [Heart Pirates] type card and add it to your hand. Then, place the rest at the bottom of your deck in any order.
<br>
[Trigger] Activate this card's [Main] effect.",Purple,Event,,,Land of Wano,,1,
528637,Gamma Knife,Gamma Knife,https://tcgplayer-cdn.tcgplayer.com/product/528637_200w.jpg,68,23213,https://cpt.tcgcsv.com/Msf6,2023-12-08T05:03:11.723,1,0.01,0.1,4.95,0.02,,Normal,C,OP05-077,"[Main] DON!! -1 <em>(You may return the specified number of DON!! cards from your field to your DON!! deck.)</em>: Give up to 1 of your opponent's Characters -5000 power during this turn.
<br>
[Trigger] Add up to 1 DON!! card from your DON!! deck and set it as active.",Purple,Event,,,Heart Pirates,,2,
528638,Punk Rotten,Punk Rotten,https://tcgplayer-cdn.tcgplayer.com/product/528638_200w.jpg,68,23213,https://cpt.tcgcsv.com/Nsf6,2023-12-08T05:03:11.723,1,0.01,0.1,4.95,0.09,,Normal,UC,OP05-078,"[Main] DON!! -1 <em>(You may return the specified number of DON!! cards from your field to your DON!! deck.)</em>: Up to 1 of your [Kid Pirates] type Leader or Character cards gains +5000 power during this turn.
<br>
[Trigger] Add up to 1 DON!! card from your DON!! deck and set it as active.",Purple,Event,,,Kid Pirates,,2,
528639,Viola,Viola,https://tcgplayer-cdn.tcgplayer.com/product/528639_200w.jpg,68,23213,https://cpt.tcgcsv.com/Psf6,2023-12-08T05:03:11.723,1,0.01,0.11,4.95,0.1,,Normal,UC,OP05-079,[On Play] Your opponent places 3 cards from their trash at the bottom of their deck in any order.,Black,Character,,3000,Dressrosa,Special,2,1000
528640,Elizabello II,Elizabello II,https://tcgplayer-cdn.tcgplayer.com/product/528640_200w.jpg,68,23213,https://cpt.tcgcsv.com/Qsf6,2023-12-08T05:03:11.723,1,0.01,0.1,4.95,0.06,,Normal,UC,OP05-080,[When Attacking][Once Per Turn] <strong>You may return 20 cards from your trash to your deck and shuffle it: This Character gains               and +10000 power during this battle. <em>(This card deals 2 damage.)</em>,Black,Character,,5000,Dressrosa;Kingdom of Prodence,Strike,4,1000
528641,One-Legged Toy Soldier,One Legged Toy Soldier,https://tcgplayer-cdn.tcgplayer.com/product/528641_200w.jpg,68,23213,https://cpt.tcgcsv.com/Rsf6,2023-12-08T05:03:11.723,1,0.05,0.2,4.95,0.1,,Normal,UC,OP05-081,[Activate:Main] <strong>You may trash this Character</strong>: Give up to 1 of your opponent's Characters -3 cost during this turn.,Black,Character,,0,Dressrosa,Strike,2,2000
528642,Shirahoshi,Shirahoshi,https://tcgplayer-cdn.tcgplayer.com/product/528642_200w.jpg,68,23213,https://cpt.tcgcsv.com/Ssf6,2023-12-08T05:03:11.723,1,0.01,0.2,4.95,0.13,,Foil,R,OP05-082,"[Activate:Main] <strong>You may rest this Character and place 2 cards from your trash at the bottom of your deck in any order</strong>: If your opponent has 6 or more cards in their hand, your opponent trashes 1 card from their hand.",Black,Character,,0,Merfolk,Wisdom,1,2000
528643,Sterry,Sterry,https://tcgplayer-cdn.tcgplayer.com/product/528643_200w.jpg,68,23213,https://cpt.tcgcsv.com/Tsf6,2023-12-08T05:03:11.723,1,0.01,0.1,4.95,0.02,,Normal,C,OP05-083,,Black,Character,,4000,Goa Kingdom,Wisdom,2,1000
528645,Saint Charlos,Saint Charlos,https://tcgplayer-cdn.tcgplayer.com/product/528645_200w.jpg,68,23213,https://cpt.tcgcsv.com/Wsf6,2023-12-08T05:03:11.723,1,0.01,0.1,4.95,0.02,,Normal,C,OP05-084,"[Your Turn] If the only Characters on your field are [Celestial Dragons] type Characters, give all of your opponent's Characters -4 cost.",Black,Character,,0,Celestial Dragons,Ranged,3,1000
528646,Nefeltari Cobra,Nefeltari Cobra,https://tcgplayer-cdn.tcgplayer.com/product/528646_200w.jpg,68,23213,https://cpt.tcgcsv.com/Xsf6,2023-12-08T05:03:11.723,1,0.01,0.1,4.95,0.07,,Normal,UC,OP05-085,"[Blocker] <em>(After your opponent declares an attack, you may rest this card to make it the new target of the attack.)</em>
<br>
[On Play] Trash 1 card from the top of your deck.",Black,Character,,1000,Alabasta,Wisdom,2,1000
528647,Nefeltari Vivi,Nefeltari Vivi,https://tcgplayer-cdn.tcgplayer.com/product/528647_200w.jpg,68,23213,https://cpt.tcgcsv.com/Zsf6,2023-12-08T05:03:11.723,1,0.01,0.15,4.95,0.1,,Foil,R,OP05-086,"If you have 10 or more cards in your trash, this Character gains [Blocker]. <em>(After your opponent declares an attack, you may rest this card to make it the new target of the attack.)</em>",Black,Character,,1000,Alabasta,Wisdom,1,1000
528650,Hakuba,Hakuba,https://tcgplayer-cdn.tcgplayer.com/product/528650_200w.jpg,68,23213,https://cpt.tcgcsv.com/0tf6,2023-12-08T05:03:11.723,1,0.01,0.1,4.95,0.04,,Normal,C,OP05-087,[DON!! x1][When Attacking] <strong>You may K.O. 1 of your Characters other than this Character</strong>: Give up to 1 of your opponent's Characters -5 cost during this turn.,Black,Character,,6000,Beautiful Pirates;Dressrosa,Slash,5,1000
528651,Saint Mjosgard,Saint Mjosgard,https://tcgplayer-cdn.tcgplayer.com/product/528651_200w.jpg,68,23213,https://cpt.tcgcsv.com/2tf6,2023-12-08T05:03:11.723,1,0.01,0.1,4.95,0.02,,Normal,C,OP05-089,[Activate:Main] (1) <em>(You may rest the specified number of DON!! cards in your cost area.)</em> <strong>You may rest this Character and 1 of your Characters</strong>: Add up to 1 black Character card with a cost of 1 from your trash to your hand.,Black,Character,,1000,Celestial Dragons,Wisdom,5,1000
528653,Riku Doldo III,Riku Doldo III,https://tcgplayer-cdn.tcgplayer.com/product/528653_200w.jpg,68,23213,https://cpt.tcgcsv.com/5tf6,2023-12-08T05:03:11.723,1,0.01,0.1,4.95,0.06,,Normal,C,OP05-090,"[Blocker] <em>(After your opponent declares an attack, you may rest this card to make it the new target of the attack.)</em>
<br>
[On Play] / [On K.O.] Up to 1 of your [Dressrosa] type Characters gains +2000 power during this turn.",Black,Character,,5000,Dressrosa,Wisdom,4,1000
528655,Saint Rosward,Saint Rosward,https://tcgplayer-cdn.tcgplayer.com/product/528655_200w.jpg,68,23213,https://cpt.tcgcsv.com/7tf6,2023-12-08T05:03:11.723,1,0.01,0.1,4.95,0.03,,Normal,C,OP05-092,"[Your Turn] If the only Characters on your field are [Celestial Dragons] type Characters, give all of your opponent's Characters -6 cost.",Black,Character,,0,Celestial Dragons,Ranged,5,1000
528656,Haute Couture Patch Work,Haute Couture Patch Work,https://tcgplayer-cdn.tcgplayer.com/product/528656_200w.jpg,68,23213,https://cpt.tcgcsv.com/8tf6,2023-12-08T05:03:11.723,1,0.01,0.15,4.95,0.07,,Foil,R,OP05-094,"[Main] Give up to 1 of your opponent's Characters -3 cost during this turn. Then, up to 1 of your opponent's Characters with a cost of 0 will not become active in the next Refresh Phase.
<br>
[Trigger] Draw 2 cards and trash 1 card from your hand.",Black,Event,,,Dressrosa;The Tontattas,,1,
528657,Dragon Claw,Dragon Claw,https://tcgplayer-cdn.tcgplayer.com/product/528657_200w.jpg,68,23213,https://cpt.tcgcsv.com/9tf6,2023-12-08T05:03:11.723,1,0.01,0.1,4.95,0.05,,Normal,C,OP05-095,"[Counter] Up to 1 of your Leader or Character cards gains +4000 power during this battle. Then, if you have 15 or more cards in your trash, K.O. up to 1 of your opponent's Characters with a cost of 4 or less.",Black,Event,,,Revolutionary Army;Dressrosa,,2,
528658,I Bid 500 Million!!,I Bid 500 Million,https://tcgplayer-cdn.tcgplayer.com/product/528658_200w.jpg,68,23213,https://cpt.tcgcsv.com/btf6,2023-12-08T05:03:11.723,1,0.01,0.1,4.95,0.06,,Normal,UC,OP05-096,"[Main] Choose one:
<br>
K.O. up to 1 of your opponent's Characters with a cost of 1 or less.
<br>
 Return up to 1 of your opponent's Characters with a cost of 1 or less to the owner's hand.
<br>
 Place up to 1 of your opponent's Characters with a cost of 1 or less at the top or bottom of their Life cards face-up.
<br>
Then, if you have a [Celestial Dragons] type Character, draw 1 card.
<br>
[Trigger] K.O. up to 1 of your opponent's Characters with a cost of 6 or less, or return it to the owner's hand.",Black,Event,,,Celestial Dragons,,3,
528659,Mary Geoise,Mary Geoise,https://tcgplayer-cdn.tcgplayer.com/product/528659_200w.jpg,68,23213,https://cpt.tcgcsv.com/ctf6,2023-12-08T05:03:11.723,1,0.01,0.1,4.95,0.04,,Normal,C,OP05-097,[Your Turn] The cost of playing [Celestial Dragons] type Character cards with a cost of 2 or more from your hand will be reduced by 1.,Black,Stage,,,Mary Geoise,,1,
528660,Enel (098),Enel 098,https://tcgplayer-cdn.tcgplayer.com/product/528660_200w.jpg,68,23213,https://cpt.tcgcsv.com/dtf6,2023-12-08T05:03:11.723,1,0.01,0.16,2.0,0.13,,Normal,L,OP05-098,"[Opponent's Turn][Once Per Turn] When your number of Life cards becomes 0, add 1 card from the top of your deck to the top of your Life cards. Then, trash 1 card from your hand.",Yellow,Leader,4,5000,Sky Island,Special,,
528661,Amazon,Amazon,https://tcgplayer-cdn.tcgplayer.com/product/528661_200w.jpg,68,23213,https://cpt.tcgcsv.com/ftf6,2023-12-08T05:03:11.723,1,0.01,0.1,4.95,0.06,,Normal,UC,OP05-099,"[On Your Opponent's Attack] <strong>You may rest this Character</strong>: Your opponent may trash 1 card from the top of their Life cards. If they do not, give up to 1 of your opponent's Leader or Character cards -2000 power during this turn.",Yellow,Character,,0,Sky Island,Wisdom,3,1000
528662,Gedatsu,Gedatsu,https://tcgplayer-cdn.tcgplayer.com/product/528662_200w.jpg,68,23213,https://cpt.tcgcsv.com/gtf6,2023-12-08T05:03:11.723,1,0.01,0.85,2.99,0.67,,Foil,R,OP05-102,[On Play] K.O. up to 1 of your opponent's Characters with a cost equal to or less than the number of your opponent's Life cards.,Yellow,Character,,6000,Sky Island;Vassals,Strike,5,1000
528663,Ohm,Ohm,https://tcgplayer-cdn.tcgplayer.com/product/528663_200w.jpg,68,23213,https://cpt.tcgcsv.com/htf6,2023-12-08T05:03:11.723,1,0.1,0.54,4.95,0.55,,Foil,R,OP05-101,"If you have 2 or less Life cards, this Character gains +1000 power.
<br>
[On Play] Look at 5 cards from the top of your deck; reveal up to 1 [Holly] and add it to your hand. Then, place the rest at the bottom of your deck in any order and play up to 1 [Holly] from your hand.",Yellow,Character,,5000,Sky Island;Vassals,Slash,4,1000
528664,Kotori,Kotori,https://tcgplayer-cdn.tcgplayer.com/product/528664_200w.jpg,68,23213,https://cpt.tcgcsv.com/jtf6,2023-12-08T05:03:11.723,1,0.01,0.1,4.95,0.07,,Normal,UC,OP05-103,"[On Play] If you have [Hotori], K.O. up to 1 of your opponent's Characters with a cost equal to or less than the number of your opponent's Life cards.",Yellow,Character,,3000,Sky Island,Special,3,1000
528665,Conis,Conis,https://tcgplayer-cdn.tcgplayer.com/product/528665_200w.jpg,68,23213,https://cpt.tcgcsv.com/ktf6,2023-12-08T05:03:11.723,1,0.01,0.11,24.0,0.05,,Normal,UC,OP05-104,[On Play] <strong>You may place 1 of your Stages at the bottom of your deck</strong>: Draw 1 card and trash 1 card from your hand.,Yellow,Character,,0,Sky Island,Wisdom,1,2000
528666,Satori,Satori,https://tcgplayer-cdn.tcgplayer.com/product/528666_200w.jpg,68,23213,https://cpt.tcgcsv.com/ltf6,2023-12-08T05:03:11.723,1,0.1,0.42,10.98,0.25,,Foil,R,OP05-105,[Trigger] <strong>You may trash 1 card from your hand</strong>: Play this card.,Yellow,Character,,5000,Sky Island;Vassals,Strike,5,2000
528667,Shura,Shura,https://tcgplayer-cdn.tcgplayer.com/product/528667_200w.jpg,68,23213,https://cpt.tcgcsv.com/mtf6,2023-12-08T05:03:11.723,1,0.01,0.35,21.0,0.19,,Foil,R,OP05-106,"[On Play] Look at 5 cards from the top of your deck; reveal up to 1 [Sky Island] type card other than [Shura] and add it to your hand. Then, place the rest at the bottom of your deck in any order.
<br>
[Trigger] Play this card.",Yellow,Character,,2000,Sky Island;Vassals,Slash,2,1000
528668,Lieutenant Spacey,Lieutenant Spacey,https://tcgplayer-cdn.tcgplayer.com/product/528668_200w.jpg,68,23213,https://cpt.tcgcsv.com/ntf6,2023-12-08T05:03:11.723,1,0.01,0.1,4.95,0.04,,Normal,C,OP05-107,"[Your Turn][Once Per Turn] When a card is added to your hand from your Life, this Character gains +2000 power during this turn.",Yellow,Character,,4000,The Moon,Ranged,3,1000
528669,Nola,Nola,https://tcgplayer-cdn.tcgplayer.com/product/528669_200w.jpg,68,23213,https://cpt.tcgcsv.com/ptf6,2023-12-08T05:03:11.723,1,0.01,0.1,4.95,0.04,,Normal,C,OP05-108,,Yellow,Character,,7000,Animal;Sky Island,Strike,5,1000
528670,Pagaya,Pagaya,https://tcgplayer-cdn.tcgplayer.com/product/528670_200w.jpg,68,23213,https://cpt.tcgcsv.com/qtf6,2023-12-08T05:03:11.723,1,0.01,0.1,4.95,0.03,,Normal,C,OP05-109,"[Once Per Turn] When a [Trigger] activates, draw 2 cards and trash 2 cards from your hand.",Yellow,Character,,1000,Sky Island,Wisdom,1,1000
528672,Holly,Holly,https://tcgplayer-cdn.tcgplayer.com/product/528672_200w.jpg,68,23213,https://cpt.tcgcsv.com/stf6,2023-12-08T05:03:11.723,1,0.01,0.15,4.95,0.11,,Normal,C,OP05-110,,Yellow,Character,,5000,Animal;Sky Island,Strike,3,1000
528673,Hotori,Hotori,https://tcgplayer-cdn.tcgplayer.com/product/528673_200w.jpg,68,23213,https://cpt.tcgcsv.com/ttf6,2023-12-08T05:03:11.723,1,0.01,0.1,4.95,0.06,,Normal,UC,OP05-111,[On Play] <strong>You may play 1 [Kotori] from your hand</strong>: Add up to 1 of your opponent's Characters with a cost of 3 or less to the top or bottom of your opponent's Life cards face-up.,Yellow,Character,,3000,Sky Island,Special,3,1000
528674,Captain McKinley,Captain McKinley,https://tcgplayer-cdn.tcgplayer.com/product/528674_200w.jpg,68,23213,https://cpt.tcgcsv.com/vtf6,2023-12-08T05:03:11.723,1,0.01,0.1,4.95,0.03,,Normal,C,OP05-112,"[Blocker] <em>(After your opponent declares an attack, you may rest this card to make it the new target of the attack.)</em>
<br>
[On K.O.] Play up to 1 [Sky Island] type Character card with a cost of 1 from your hand.",Yellow,Character,,3000,Sky Island,Wisdom,3,1000
528675,Yama,Yama,https://tcgplayer-cdn.tcgplayer.com/product/528675_200w.jpg,68,23213,https://cpt.tcgcsv.com/wtf6,2023-12-08T05:03:11.723,1,0.01,0.1,4.95,0.04,,Normal,C,OP05-113,"[Blocker] <em>(After your opponent declares an attack, you may rest this card to make it the new target of the attack.)</em>",Yellow,Character,,2000,Sky Island,Slash,2,1000
528676,El Thor,El Thor,https://tcgplayer-cdn.tcgplayer.com/product/528676_200w.jpg,68,23213,https://cpt.tcgcsv.com/xtf6,2024-11-08T20:31:17.95,1,0.01,0.2,3.0,0.08,,Normal,UC,OP05-114,"[Counter] Up to 1 of your Leader or Character cards gains +2000 power during this battle. Then, if your opponent has 2 or less Life cards, that card gains an additional +2000 power during this battle.
<br>
[Trigger] K.O. up to 1 of your opponent's Characters with a cost equal to or less than the number of your opponent's Life Cards.",Yellow,Event,,,Sky Island,,1,
528677,Two-Hundred Million Volts Amaru,Two Hundred Million Volts Amaru,https://tcgplayer-cdn.tcgplayer.com/product/528677_200w.jpg,68,23213,https://cpt.tcgcsv.com/ztf6,2023-12-08T05:03:11.723,1,0.02,0.2,4.95,0.1,,Foil,R,OP05-115,"[Main] Up to 1 of your Leader or Character cards gains +3000 power during this turn. Then, if you have 1 or less Life cards, rest up to 1 of your opponent's Characters with a cost of 4 or less.
<br>
[Trigger] <strong>You may trash 2 cards from your hand</strong>: Add up to 1 card from the top of your deck to the top of your Life cards.",Yellow,Event,,,Sky Island,,2,
528678,Hino Bird Zap,Hino Bird Zap,https://tcgplayer-cdn.tcgplayer.com/product/528678_200w.jpg,68,23213,https://cpt.tcgcsv.com/Btf6,2023-12-08T05:03:11.723,1,0.01,0.1,80.29,0.03,,Normal,C,OP05-116,"[Main] K.O. up to 1 of your opponent's Characters with a cost equal to or less than the number of your opponent's Life cards.
<br>
[Trigger] Activate this card's [Main] effect.",Yellow,Event,,,Sky Island,,2,
528679,Upper Yard,Upper Yard,https://tcgplayer-cdn.tcgplayer.com/product/528679_200w.jpg,68,23213,https://cpt.tcgcsv.com/Ctf6,2024-11-08T20:31:32.833,1,0.02,0.15,4.95,0.08,,Normal,UC,OP05-117,"[On Play] Look at the top 5 cards of your deck; reveal up to 1 [Sky Island] type card and add it to your hand. Then, place the rest at the bottom of your deck in any order.",Yellow,Stage,,,Sky Island,,1,
529792,DON!! Card (Alternate Art),DON Card Alternate Art,https://tcgplayer-cdn.tcgplayer.com/product/529792_200w.jpg,68,23213,https://cpt.tcgcsv.com/SWf6,2023-12-13T17:07:25.033,1,0.15,0.5,70.0,0.54,,Foil,DON!!,,Your Turn +1000,,DON!!,,,,,,
529850,Monkey.D.Luffy (012) (Alternate Art) (Gold-Stamped Signature),MonkeyDLuffy 012 Alternate Art Gold Stamped Signature,https://tcgplayer-cdn.tcgplayer.com/product/529850_200w.jpg,68,23213,https://cpt.tcgcsv.com/0Zf6,2023-12-22T13:51:33.437,1,1290.0,1339.98,1578.99,1372.71,,Foil,SR,ST01-012,"[Rush] <em>(This card can attack on the turn in which it is played.)</em>
<br>
[DON!! x2][When Attacking] Your opponent cannot activate [Blocker] during this battle.",Red,Character,,6000,Straw Hat Crew;Supernovas,Strike,5,
530119,DON!! Card (Silhouette) (Double Pack Set Volume 2),DON Card Silhouette Double Pack Set Volume 2,https://tcgplayer-cdn.tcgplayer.com/product/530119_200w.jpg,68,23213,https://cpt.tcgcsv.com/p3g6,2023-12-13T17:07:46.913,1,2.5,3.74,9.4,3.1,,Foil,DON!!,,Your Turn +1000,,DON!!,,,,,,
530120,DON!! Card (Manga) (Double Pack Set Volume 2),DON Card Manga Double Pack Set Volume 2,https://tcgplayer-cdn.tcgplayer.com/product/530120_200w.jpg,68,23213,https://cpt.tcgcsv.com/q3g6,2024-01-02T21:26:58.06,1,2.5,3.66,10.0,2.69,,Foil,DON!!,,Your Turn +1000,,DON!!,,,,,,
530122,Monkey.D.Luffy (119) (Alternate Art),MonkeyDLuffy 119 Alternate Art,https://tcgplayer-cdn.tcgplayer.com/product/530122_200w.jpg,68,23213,https://cpt.tcgcsv.com/s3g6,2023-12-08T05:03:11.723,1,39.0,44.1,100.0,43.03,,Foil,SEC,OP05-119,"[On Play] DON!! -10: Place all of your Characters except this Character at the bottom of your deck in any order. Then, take an extra turn after this one.
<br>
[Activate:Main][Once Per Turn] (1): Add up to 1 DON!! card from your DON!! deck and set it as active.",Purple,Character,,12000,Straw Hat Crew;The Four Emperors,Strike,10,
531575,Awakening of the New Era - Sleeved Booster Pack,Awakening of the New Era Sleeved Booster Pack,https://tcgplayer-cdn.tcgplayer.com/product/531575_200w.jpg,68,23213,https://cpt.tcgcsv.com/wFg6,2023-12-22T14:01:25.047,1,11.5,15.0,18.97,15.08,,Normal,,,,,,,,,,,
531974,Special DON!! Card Pack DP-02,Special DON Card Pack DP 02,https://tcgplayer-cdn.tcgplayer.com/product/531974_200w.jpg,68,23213,https://cpt.tcgcsv.com/vPg6,2024-01-03T16:18:41.527,1,3.5,5.0,7.75,4.46,,Normal,,,,,,,,,,,
