productId,name,cleanName,imageUrl,categoryId,groupId,url,modifiedOn,imageCount,lowPrice,midPrice,highPrice,marketPrice,directLowPrice,subTypeName,extRarity,extNumber,extDescription,extColor,extCardType,extCost,extPower,extSubtypes,extAttribute,extCounterplus,extLife
542502,Two Legends - Booster Pack,Two Legends Booster Pack,https://tcgplayer-cdn.tcgplayer.com/product/542502_200w.jpg,68,23462,https://cpt.tcgcsv.com/30m6,2024-09-13T04:08:26.533,1,2.5,3.99,10.31,2.75,,Normal,,,,,,,,,,,
542503,Two Legends - Sleeved Booster Pack,Two Legends Sleeved Booster Pack,https://tcgplayer-cdn.tcgplayer.com/product/542503_200w.jpg,68,23462,https://cpt.tcgcsv.com/50m6,2024-09-13T04:08:26.533,1,5.0,6.9,15.0,6.61,,Normal,,,,,,,,,,,
542504,Two Legends - Booster Display,Two Legends Booster Display,https://tcgplayer-cdn.tcgplayer.com/product/542504_200w.jpg,68,23462,https://cpt.tcgcsv.com/60m6,2024-09-13T04:08:26.533,1,70.0,94.49,1000.0,74.32,,Normal,,,,,,,,,,,
542505,Two Legends - Booster Display Case,Two Legends Booster Display Case,https://tcgplayer-cdn.tcgplayer.com/product/542505_200w.jpg,68,23462,https://cpt.tcgcsv.com/70m6,2024-09-13T04:08:26.533,1,809.99,999.99,2479.99,817.46,,Normal,,,,,,,,,,,
558019,Portgas.D.Ace (SP),PortgasDAce SP,https://tcgplayer-cdn.tcgplayer.com/product/558019_200w.jpg,68,23462,https://cpt.tcgcsv.com/pdt6,2024-11-01T13:01:40.377,1,50.0,60.0,174.95,51.97,,Foil,SR,OP02-013,"[On Play] Give up to 2 of your opponent's Characters 3000 power during this turn. Then, if your Leader's type includes ""Whitebeard Piratess"", this Character gains [Rush] during this turn.<br>
(This card can attack on the turn in which it is played.)",Red,Character,7,7000,Whitebeard Pirates,Special,,
558020,Charlotte Pudding (SP),Charlotte Pudding SP,https://tcgplayer-cdn.tcgplayer.com/product/558020_200w.jpg,68,23462,https://cpt.tcgcsv.com/qdt6,2024-09-13T04:08:26.533,1,55.0,65.27,150.0,56.72,,Foil,R,OP03-112,"[On Play] Look at 4 cards from the top of your deck; reveal up to 1 [Sanji] or [Big Mom Pirates] type card other than [Charlotte Pudding] and add it to your hand. Then, place the rest at the bottom of your deck in any order.",Yellow,Character,1,2000,Big Mom Pirates,Wisdom,1000,
558021,Tony Tony.Chopper (001),Tony TonyChopper 001,https://tcgplayer-cdn.tcgplayer.com/product/558021_200w.jpg,68,23462,https://cpt.tcgcsv.com/rdt6,2024-09-13T04:08:26.533,1,0.01,0.12,5.0,0.09,,Normal,L,OP08-001,[Activate:Main] [Once Per Turn] Give up to 3 of your [Animal] or [Drum Kingdom] type Characters up to 1 rested DON!! card each.,Green;Red,Leader,1,5000,Animal;Straw Hat Crew;Drum Kingdom,Strike,,4
558022,Tony Tony.Chopper (001) (Parallel),Tony TonyChopper 001 Parallel,https://tcgplayer-cdn.tcgplayer.com/product/558022_200w.jpg,68,23462,https://cpt.tcgcsv.com/sdt6,2024-09-13T04:08:26.533,1,14.99,23.48,59.95,18.53,,Foil,L,OP08-001,[Activate:Main] [Once Per Turn] Give up to 3 of your [Animal] or [Drum Kingdom] type Characters up to 1 rested DON!! card each.,Green;Red,Leader,,5000,Animal;Straw Hat Crew;Drum Kingdom,Strike,,4
558023,Marco,Marco,https://tcgplayer-cdn.tcgplayer.com/product/558023_200w.jpg,68,23462,https://cpt.tcgcsv.com/tdt6,2024-09-18T20:11:47.143,1,0.01,0.12,5.0,0.13,,Normal,L,OP08-002,"[DON!! x1] [Activate: Main] [Once Per Turn] Draw 1 card and place 1 card from your hand at the top or bottom of your deck. Then, give up to 1 of your opponent's Characters -2000 power during this turn.",Blue;Red,Leader,,5000,Whitebeard Pirates,Special,,4
558024,Marco (Parallel),Marco Parallel,https://tcgplayer-cdn.tcgplayer.com/product/558024_200w.jpg,68,23462,https://cpt.tcgcsv.com/vdt6,2024-09-13T04:08:26.533,1,35.25,39.06,89.95,37.11,,Foil,L,OP08-002,"[DON!! x1] [Activate: Main] [Once Per Turn] Draw 1 card and place 1 card from your hand at the top or bottom of your deck. Then, give up to 1 of your opponent's Characters 2000 power during this turn.",Blue;Red,Leader,,5000,Whitebeard Pirates,Special,,4
558025,Twenty Doctors,Twenty Doctors,https://tcgplayer-cdn.tcgplayer.com/product/558025_200w.jpg,68,23462,https://cpt.tcgcsv.com/wdt6,2024-09-13T04:08:26.533,1,0.01,0.07,4.95,0.04,,Normal,C,OP08-003,"[Blocker] (After your opponent declares an attack, you may rest this card to make it the new target of the attack.)",Red,Character,2,2000,Drum Kingdom,Wisdom,1000,
558026,Kuromarimo,Kuromarimo,https://tcgplayer-cdn.tcgplayer.com/product/558026_200w.jpg,68,23462,https://cpt.tcgcsv.com/xdt6,2024-09-13T04:08:26.533,1,0.01,0.08,4.95,0.05,,Normal,C,OP08-004,"[On Play] If you have [Chess], K.O. up to 1 of your opponent's Characters with 3000 power or less.",Red,Character,4,5000,Drum Kingdom,Strike,1000,
558027,Chess,Chess,https://tcgplayer-cdn.tcgplayer.com/product/558027_200w.jpg,68,23462,https://cpt.tcgcsv.com/zdt6,2024-09-13T04:08:26.533,1,0.01,0.08,10.0,0.04,,Normal,C,OP08-005,"[On Play] Give up to 1 of your opponent's Characters 2000 power during this turn. Then, if you don't have [Kuromarimo], play up to 1 [Kuromarimo] from your hand.",Red,Character,3,3000,Drum Kingdom,Ranged,1000,
558028,Chessmarimo,Chessmarimo,https://tcgplayer-cdn.tcgplayer.com/product/558028_200w.jpg,68,23462,https://cpt.tcgcsv.com/Bdt6,2024-09-13T04:08:26.533,1,0.01,0.1,4.95,0.04,,Normal,UC,OP08-006,"[Your Turn] If you have [Kuromarimo] and [Chess] in your trash, this Character gains +2000 power.",Red,Character,5,6000,Drum Kingdom,Ranged;Strike,1000,
558029,Tony Tony.Chopper (007),Tony TonyChopper 007,https://tcgplayer-cdn.tcgplayer.com/product/558029_200w.jpg,68,23462,https://cpt.tcgcsv.com/Cdt6,2024-09-13T04:08:26.533,1,0.33,1.0,7.95,0.66,,Foil,SR,OP08-007,"[Your Turn] [On Play]/[When Attacking] Look at 5 cards from the top of your deck and play up to 1 [Animal] type Character card with 4000 power or less rested. Then, place the rest at the bottom of your deck in any order.",Red,Character,3,5000,Animal;Straw Hat Crew;Drum Kingdom,Strike,,
558030,Tony Tony.Chopper (0070) (Parallel),Tony TonyChopper 0070 Parallel,https://tcgplayer-cdn.tcgplayer.com/product/558030_200w.jpg,68,23462,https://cpt.tcgcsv.com/Ddt6,2024-09-13T04:08:26.533,1,9.99,13.0,78.99,10.97,,Foil,SR,OP08-007,"[Your Turn] [On Play]/[When Attacking] Look at 5 cards from the top of your deck and play up to 1 [Animal] type Character card with 4000 power or less rested. Then, place the rest at the bottom of your deck in any order.",Red,Character,3,5000,Animal;Straw Hat Crew;Drum Kingdom,Strike,,
558031,Dalton,Dalton,https://tcgplayer-cdn.tcgplayer.com/product/558031_200w.jpg,68,23462,https://cpt.tcgcsv.com/Fdt6,2024-09-13T04:08:26.533,1,0.01,0.1,4.95,0.07,,Foil,R,OP08-008,"[On Play] Give up to 1 of your opponent's Characters 1000 power during this turn.<br>
[DON!! x1] [Activate: Main] [Once Per Turn] You may add 1 card from the top of your Life cards to your hand: This Character gains [Rush] during this turn. (This card can attack on the turn in which it is played.)",Red,Character,5,6000,Drum Kingdom,Slash,1000,
558032,Maria Onion Bear,Maria Onion Bear,https://tcgplayer-cdn.tcgplayer.com/product/558032_200w.jpg,68,23462,https://cpt.tcgcsv.com/Gdt6,2024-09-13T04:08:26.533,1,0.01,0.07,10.0,0.03,,Normal,C,OP08-009,,Red,Character,3,5000,Drum Kingdom,Wisdom,1000,
558033,Hiking Bear,Hiking Bear,https://tcgplayer-cdn.tcgplayer.com/product/558033_200w.jpg,68,23462,https://cpt.tcgcsv.com/Hdt6,2024-09-13T04:08:26.533,1,0.05,0.19,4.95,0.15,,Normal,UC,OP08-010,[DON!! x1] [Activate: Main] [Once Per Turn] Up to 1 of your [Animal] type Characters other than this Character gains +1000 power during this turn.,Red,Character,3,3000,Animal;Drum Kingdom,Wisdom,2000,
558034,Musshuru,Musshuru,https://tcgplayer-cdn.tcgplayer.com/product/558034_200w.jpg,68,23462,https://cpt.tcgcsv.com/Jdt6,2024-09-13T04:08:26.533,1,0.01,0.09,4.95,0.03,,Normal,C,OP08-011,,Red,Character,6,8000,FILM;Drum Kingdom,Special,1000,
558035,Lapins,Lapins,https://tcgplayer-cdn.tcgplayer.com/product/558035_200w.jpg,68,23462,https://cpt.tcgcsv.com/Kdt6,2024-09-13T04:08:26.533,1,0.01,0.1,10.0,0.07,,Normal,UC,OP08-012,"[DON!! x2] [When Attacking] If your Leader has the [Drum Kingdom] type, K.O. up to 1 of your opponent's Characters with 4000 power or less.",Red,Character,3,3000,Animal;Drum Kingdom,Strike,1000,
558036,Robson,Robson,https://tcgplayer-cdn.tcgplayer.com/product/558036_200w.jpg,68,23462,https://cpt.tcgcsv.com/Ldt6,2024-09-13T04:08:26.533,1,0.05,0.14,4.95,0.12,,Normal,UC,OP08-013,"[DON!! x2] This Character gains [Rush].<br>
(This card can attack on the turn in which it is played.)",Red,Character,3,4000,Animal;Drum Kingdom,Wisdom,1000,
558037,Wapol,Wapol,https://tcgplayer-cdn.tcgplayer.com/product/558037_200w.jpg,68,23462,https://cpt.tcgcsv.com/Mdt6,2024-09-13T04:08:26.533,1,0.01,0.15,4.95,0.16,,Foil,R,OP08-014,"[DON!! x1] [When Attacking] Give up to 1 of your opponent's Characters 2000 power during this turn. Then, this Character gains +2000 power until the end of your opponent's next turn.",Red,Character,6,6000,Drum Kingdom,Strike,1000,
558038,Dr.Kureha,DrKureha,https://tcgplayer-cdn.tcgplayer.com/product/558038_200w.jpg,68,23462,https://cpt.tcgcsv.com/Ndt6,2024-09-13T04:08:26.533,1,0.01,0.21,10.0,0.15,,Foil,R,OP08-015,"[On Play] Look at 4 cards from the top of your deck; reveal up to 1 [Tony Tony.Chopper] or [Drum Kingdom] type card other than [Dr.Kureha] and add it to your hand. Then, place the rest at the bottom of your deck in any order.",Red,Character,1,2000,Drum Kingdom,Wisdom,1000,
558039,Dr.Kureha (Parallel),DrKureha Parallel,https://tcgplayer-cdn.tcgplayer.com/product/558039_200w.jpg,68,23462,https://cpt.tcgcsv.com/Pdt6,2024-09-13T04:08:26.533,1,3.63,5.63,24.95,3.78,,Foil,R,OP08-015,"[On Play] Look at 4 cards from the top of your deck; reveal up to 1 [Tony Tony.Chopper] or [Drum Kingdom] type card other than [Dr.Kureha] and add it to your hand. Then, place the rest at the bottom of your deck in any order.",Red,Character,1,2000,Drum Kingdom,Wisdom,1000,
558040,Dr.Hiriluk,DrHiriluk,https://tcgplayer-cdn.tcgplayer.com/product/558040_200w.jpg,68,23462,https://cpt.tcgcsv.com/Qdt6,2024-09-13T04:08:26.533,1,0.01,0.1,4.95,0.07,,Foil,R,OP08-016,"[Activate:Main] You may rest this Character: If your Leader is [Tony Tony.Chopper], all of your [Tony Tony.Chopper] Characters gain +2000 power during this turn.",Red,Character,3,0,Drum Kingdom,Wisdom,2000,
558041,I'd Never Shoot You!!!!,Id Never Shoot You,https://tcgplayer-cdn.tcgplayer.com/product/558041_200w.jpg,68,23462,https://cpt.tcgcsv.com/Rdt6,2024-09-13T04:08:26.533,1,0.01,0.1,10.0,0.04,,Normal,C,OP08-017,"[Counter] Up to 1 of your Leader or Character cards gains +4000 power during this battle. Then, give up to 1 of your opponent's Leader or Character cards 1000 power during this turn.<br>
[Trigger] Up to 1 of your Leader or Character cards gains +1000 power during this turn.",Red,Event,2,,Drum Kingdom,,,
558042,Cloven Rose,Cloven Rose,https://tcgplayer-cdn.tcgplayer.com/product/558042_200w.jpg,68,23462,https://cpt.tcgcsv.com/Sdt6,2024-09-13T04:08:26.533,1,0.01,0.15,10.0,0.13,,Foil,R,OP08-018,"[Main] Up to 3 of your Characters gain +1000 power during this turn. Then, give up to 1 of your opponent's Characters 2000 power during this turn.<br>
[Trigger] Give up to 1 of your opponent's Leader or Character cards 3000 power during this turn.",Red,Event,2,,Animal;Straw Hat Crew;Drum Kingdom,,,
558043,Munch-Munch Mutation,Munch Munch Mutation,https://tcgplayer-cdn.tcgplayer.com/product/558043_200w.jpg,68,23462,https://cpt.tcgcsv.com/Tdt6,2024-09-13T04:08:26.533,1,0.01,0.1,4.95,0.04,,Normal,UC,OP08-019,"[Main]/[Counter] Give up to 1 of your opponent's Characters 3000 power during this turn. Then, up to 1 of your Characters gains +3000 power during this turn.<br>
[Trigger] K.O. up to 1 of your opponent's Characters with 5000 power or less.",Red,Event,3,,Drum Kingdom,,,
558044,Drum Kingdom,Drum Kingdom,https://tcgplayer-cdn.tcgplayer.com/product/558044_200w.jpg,68,23462,https://cpt.tcgcsv.com/Vdt6,2024-09-13T04:08:26.533,1,0.01,0.08,4.95,0.04,,Normal,C,OP08-020,[Opponent's Turn] All of your [Drum Kingdom] type Characters gain +1000 power.,Red,Stage,1,,Drum Kingdom,,,
558045,Carrot (021),Carrot 021,https://tcgplayer-cdn.tcgplayer.com/product/558045_200w.jpg,68,23462,https://cpt.tcgcsv.com/Wdt6,2024-09-13T04:08:26.533,1,0.01,0.1,3.95,0.09,,Normal,L,OP08-021,"[Activate:Main] [Once Per Turn] If you have a [Minks] type Character, rest up to 1 of your opponent's Characters with a cost of 5 or less.",Green,Leader,,5000,Minks,Special,,5
558046,Carrot (021) (Parallel),Carrot 021 Parallel,https://tcgplayer-cdn.tcgplayer.com/product/558046_200w.jpg,68,23462,https://cpt.tcgcsv.com/Xdt6,2024-09-13T04:08:26.533,1,15.0,23.36,1000.0,18.52,,Foil,L,OP08-021,"[Activate:Main] [Once Per Turn] If you have a [Minks] type Character, rest up to 1 of your opponent's Characters with a cost of 5 or less.",Green,Leader,,5000,Minks,Special,,5
558047,Inuarashi,Inuarashi,https://tcgplayer-cdn.tcgplayer.com/product/558047_200w.jpg,68,23462,https://cpt.tcgcsv.com/Zdt6,2024-09-13T04:08:26.533,1,0.01,0.1,4.95,0.1,,Normal,UC,OP08-022,"[On Play] If your Leader has the {Minks} type, up to 2 of your opponent's rested Characters with a cost of 5 or less will not become active in your opponent's next Refresh Phase.",Green,Character,5,6000,Minks;The Akazaya Nine,Slash,1000,
558048,Carrot (023),Carrot 023,https://tcgplayer-cdn.tcgplayer.com/product/558048_200w.jpg,68,23462,https://cpt.tcgcsv.com/-dt6,2024-09-13T04:08:26.533,1,0.95,2.5,9.95,1.53,,Foil,SR,OP08-023,[On Play]/[When Attacking] Up to 1 of your opponent's rested Characters with a cost of 7 or less will not become active in your opponent's next Refresh Phase.,Green,Character,5,6000,Minks,Special,1000,
558049,Carrot (023) (Parallel),Carrot 023 Parallel,https://tcgplayer-cdn.tcgplayer.com/product/558049_200w.jpg,68,23462,https://cpt.tcgcsv.com/_dt6,2024-09-13T04:08:26.533,1,18.27,21.45,80.0,19.3,,Foil,SR,OP08-023,[On Play]/[When Attacking] Up to 1 of your opponent's rested Characters with a cost of 7 or less will not become active in your opponent's next Refresh Phase.,Green,Character,5,6000,Minks,Special,1000,
558050,Concelot,Concelot,https://tcgplayer-cdn.tcgplayer.com/product/558050_200w.jpg,68,23462,https://cpt.tcgcsv.com/0ft6,2024-09-13T04:08:26.533,1,0.03,0.1,4.95,0.06,,Normal,UC,OP08-024,[When Attacking] Up to 1 of your opponent's rested Characters with a cost of 4 or less will not become active in your opponent's next Refresh Phase.,Green,Character,3,4000,Minks,Slash,1000,
558051,Shishilian,Shishilian,https://tcgplayer-cdn.tcgplayer.com/product/558051_200w.jpg,68,23462,https://cpt.tcgcsv.com/2ft6,2024-09-13T04:08:26.533,1,0.01,0.09,4.95,0.05,,Normal,C,OP08-025,[On Play] Up to 1 of your opponent's rested Characters with a cost of 3 or less will not become active in your opponent's next Refresh Phase.,Green,Character,3,4000,Minks,Slash,1000,
558052,Giovanni,Giovanni,https://tcgplayer-cdn.tcgplayer.com/product/558052_200w.jpg,68,23462,https://cpt.tcgcsv.com/3ft6,2024-09-13T04:08:26.533,1,0.01,0.08,4.95,0.03,,Normal,C,OP08-026,[DON!! x1] [When Attacking] Up to 1 of your opponent's rested Characters with a cost of 1 or less will not become active in your opponent's next Refresh Phase.,Green,Character,2,3000,Minks,Slash,1000,
558053,Tristan,Tristan,https://tcgplayer-cdn.tcgplayer.com/product/558053_200w.jpg,68,23462,https://cpt.tcgcsv.com/5ft6,2024-09-13T04:08:26.533,1,0.01,0.1,10.0,0.06,,Normal,C,OP08-027,,Green,Character,1,3000,Minks,Wisdom,1000,
558054,Nekomamushi,Nekomamushi,https://tcgplayer-cdn.tcgplayer.com/product/558054_200w.jpg,68,23462,https://cpt.tcgcsv.com/6ft6,2024-09-13T04:08:26.533,1,0.03,0.15,4.95,0.12,,Normal,UC,OP08-028,"[On Play] If your opponent has 7 or more rested cards, this Character gains [Rush] during this turn.<br>
(This card can attack on the turn in which it is played.)",Green,Character,5,6000,Minks;The Akazaya Nine,Slash,1000,
558055,Pekoms,Pekoms,https://tcgplayer-cdn.tcgplayer.com/product/558055_200w.jpg,68,23462,https://cpt.tcgcsv.com/7ft6,2024-09-13T04:08:26.533,1,0.01,0.08,4.95,0.05,,Normal,C,OP08-029,"If this Character is active, your {Minks} type Characters with a cost of 3 or less other than [Pekoms] cannot be K.O.'d by effects.",Green,Character,4,6000,Minks;Big Mom Pirates,Strike,,
558056,Pedro,Pedro,https://tcgplayer-cdn.tcgplayer.com/product/558056_200w.jpg,68,23462,https://cpt.tcgcsv.com/8ft6,2024-09-13T04:08:26.533,1,0.04,0.2,4.95,0.17,,Foil,R,OP08-030,"[Blocker] (After your opponent declares an attack, you may rest this card to make it the new target of the attack.)<br>
[On K.O.] Choose one:<br>
• Rest up to 1 of your opponent's DON!! cards.<br>
• K.O. up to 1 of your opponent's rested Characters with a cost of 6 or less.",Green,Character,4,5000,Minks,Slash,1000,
558057,Pedro (Parallel),Pedro Parallel,https://tcgplayer-cdn.tcgplayer.com/product/558057_200w.jpg,68,23462,https://cpt.tcgcsv.com/9ft6,2024-09-13T04:08:26.533,1,2.93,4.5,24.95,3.29,,Foil,R,OP08-030,"[Blocker] (After your opponent declares an attack, you may rest this card to make it the new target of the attack.)<br>
[On K.O.] Choose one:<br>
• Rest up to 1 of your opponent's DON!! cards.<br>
• K.O. up to 1 of your opponent's rested Characters with a cost of 6 or less.",Green,Character,4,5000,Minks,Slash,1000,
558058,Miyagi,Miyagi,https://tcgplayer-cdn.tcgplayer.com/product/558058_200w.jpg,68,23462,https://cpt.tcgcsv.com/bft6,2024-09-13T04:08:26.533,1,0.01,0.08,4.95,0.04,,Normal,C,OP08-031,[On Play] Set up to 1 of your [Minks] type Characters with a cost of 2 or less as active.,Green,Character,3,1000,Minks,Wisdom,1000,
558059,Milky,Milky,https://tcgplayer-cdn.tcgplayer.com/product/558059_200w.jpg,68,23462,https://cpt.tcgcsv.com/cft6,2024-09-13T04:08:26.533,1,0.03,0.12,4.95,0.1,,Normal,UC,OP08-032,"[Activate:Main] You may rest this Character: If your Leader has the [Minks] type, set up to 1 of your DON!! cards as active.",Green,Character,2,0,Minks,Wisdom,2000,
558060,Roddy,Roddy,https://tcgplayer-cdn.tcgplayer.com/product/558060_200w.jpg,68,23462,https://cpt.tcgcsv.com/dft6,2024-09-13T04:08:26.533,1,0.01,0.1,4.95,0.05,,Normal,C,OP08-033,"[On Play] If your Leader has the [Minks] type and your opponent has 7 or more rested cards, K.O. up to 1 of your opponent's rested Characters with a cost of 2 or less.",Green,Character,1,2000,Minks,Slash,1000,
558061,Wanda,Wanda,https://tcgplayer-cdn.tcgplayer.com/product/558061_200w.jpg,68,23462,https://cpt.tcgcsv.com/fft6,2024-09-13T04:08:26.533,1,0.01,0.15,5.01,0.11,,Foil,R,OP08-034,"[On Play] Look at 5 cards from the top of your deck; reveal up to 1 [Minks] type card other than [Wanda] and add it to your hand. Then, place the rest at the bottom of your deck in any order.",Green,Character,1,2000,Minks,Slash,1000,
558062,BB,BB,https://tcgplayer-cdn.tcgplayer.com/product/558062_200w.jpg,68,23462,https://cpt.tcgcsv.com/gft6,2024-09-13T04:08:26.533,1,0.01,0.1,10.0,0.05,,Normal,C,OP08-035,,Green,Character,2,4000,Minks,Strike,1000,
558063,Electrical Luna,Electrical Luna,https://tcgplayer-cdn.tcgplayer.com/product/558063_200w.jpg,68,23462,https://cpt.tcgcsv.com/hft6,2024-09-13T04:08:26.533,1,0.01,0.25,5.0,0.29,,Foil,R,OP08-036,"[Main] All of your opponent's rested Characters with a cost of 7 or less will not become active in your opponent's next Refresh Phase.<br>
[Trigger] Rest up to 1 of your opponent's Characters.",Green,Event,3,,Minks,,,
558064,Garchu,Garchu,https://tcgplayer-cdn.tcgplayer.com/product/558064_200w.jpg,68,23462,https://cpt.tcgcsv.com/jft6,2024-09-13T04:08:26.533,1,0.02,0.1,10.0,0.07,,Normal,UC,OP08-037,"[Main] You may rest 1 of your {Minks} type Characters: Rest up to 1 of your opponent's Characters.<br>
[Trigger] Draw 1 card.",Green,Event,1,,Minks,,,
558065,We Would Never Sell a Comrade to an Enemy!!!,We Would Never Sell a Comrade to an Enemy,https://tcgplayer-cdn.tcgplayer.com/product/558065_200w.jpg,68,23462,https://cpt.tcgcsv.com/kft6,2024-09-13T04:08:26.533,1,0.01,0.09,4.95,0.04,,Normal,C,OP08-038,"[Main] You may rest 2 of your Characters: None of your Characters can be K.O.'d by your opponent's effects until the end of your opponent's next turn.<br>
[Trigger] Rest up to 1 of your opponent's Characters with a cost of 3 or less.",Green,Event,1,,Minks;The Akazaya Nine,,,
558066,Zou,Zou,https://tcgplayer-cdn.tcgplayer.com/product/558066_200w.jpg,68,23462,https://cpt.tcgcsv.com/lft6,2024-09-13T04:08:26.533,1,0.02,0.15,4.95,0.11,,Foil,R,OP08-039,"[Activate:Main] You may rest this Stage: If your Leader has the [Minks] type, set up to 1 of your DON!! cards as active.<br>
[End of Your Turn] Set up to 1 of your [Minks] type Characters as active.",Green,Stage,3,,Animal,,,
558067,Atmos,Atmos,https://tcgplayer-cdn.tcgplayer.com/product/558067_200w.jpg,68,23462,https://cpt.tcgcsv.com/mft6,2024-09-13T04:08:26.533,1,0.01,0.1,4.95,0.05,,Normal,UC,OP08-040,"[On Play] You may reveal 2 cards with a type including ""Whitebeard Piratess"" from your hand: If your Leader's type includes ""Whitebeard Piratess"", return up to 1 of your opponent's Characters with a cost of 4 or less to the owner's hand.",Blue,Character,4,5000,Whitebeard Pirates,Slash,1000,
558068,Aphelandra,Aphelandra,https://tcgplayer-cdn.tcgplayer.com/product/558068_200w.jpg,68,23462,https://cpt.tcgcsv.com/nft6,2024-09-13T04:08:26.533,1,0.01,0.1,10.0,0.05,,Normal,C,OP08-041,"[Activate:Main] You may return this Character to the owner's hand: If your Leader has the {Kuja Pirates} type, place up to 1 of your opponent's Characters with a cost of 1 or less at the bottom of the owner's deck.",Blue,Character,3,4000,Amazon Lily,Slash,2000,
558069,Edward Weevil,Edward Weevil,https://tcgplayer-cdn.tcgplayer.com/product/558069_200w.jpg,68,23462,https://cpt.tcgcsv.com/pft6,2024-09-13T04:08:26.533,1,0.01,0.1,4.95,0.05,,Normal,UC,OP08-042,[DON!! x1] [When Attacking] Return up to 1 Character with a cost of 3 or less to the owner's hand.,Blue,Character,4,5000,The Seven Warlords of the Sea,Slash,1000,
558070,Edward.Newgate,EdwardNewgate,https://tcgplayer-cdn.tcgplayer.com/product/558070_200w.jpg,68,23462,https://cpt.tcgcsv.com/qft6,2024-09-13T04:08:26.533,1,0.01,0.5,9.62,0.29,,Foil,SR,OP08-043,"[On Play] If your Leader's type includes ""Whitebeard Piratess"" and you have 2 or less Life cards, select all of your opponent's Characters on their field. Until the end of your opponent's next turn, none of the selected Characters can attack unless your opponent trashes 2 cards from their hand whenever they attack.",Blue,Character,10,12000,The Four Emperors;Whitebeard Pirates,Special,,
558071,Edward.Newgate (Parallel),EdwardNewgate Parallel,https://tcgplayer-cdn.tcgplayer.com/product/558071_200w.jpg,68,23462,https://cpt.tcgcsv.com/rft6,2024-09-13T04:08:26.533,1,3.0,4.99,45.0,3.89,,Foil,SR,OP08-043,"[On Play] If your Leader's type includes ""Whitebeard Piratess"" and you have 2 or less Life cards, select all of your opponent's Characters on their field. Until the end of your opponent's next turn, none of the selected Characters can attack unless your opponent trashes 2 cards from their hand whenever they attack.",Blue,Character,10,12000,The Four Emperors;Whitebeard Pirates,Special,,
558072,Kingdew,Kingdew,https://tcgplayer-cdn.tcgplayer.com/product/558072_200w.jpg,68,23462,https://cpt.tcgcsv.com/sft6,2024-09-13T04:08:26.533,1,0.03,0.1,10.0,0.07,,Normal,UC,OP08-044,"[Activate:Main] [Once Per Turn] You may reveal 2 cards with a type including ""Whitebeard Piratess"" from your hand: This Character gains +2000 power during this turn.",Blue,Character,4,4000,Whitebeard Pirates,Strike,2000,
558073,Thatch,Thatch,https://tcgplayer-cdn.tcgplayer.com/product/558073_200w.jpg,68,23462,https://cpt.tcgcsv.com/tft6,2024-09-13T04:08:26.533,1,0.01,0.1,4.95,0.05,,Normal,UC,OP08-045,"If this Character would be removed from the field by your opponent's effect or K.O.'d, trash this Character and draw 1 card instead.",Blue,Character,4,5000,Whitebeard Pirates,Slash,1000,
558074,Shakuyaku,Shakuyaku,https://tcgplayer-cdn.tcgplayer.com/product/558074_200w.jpg,68,23462,https://cpt.tcgcsv.com/vft6,2024-09-13T04:08:26.533,1,0.01,0.11,4.95,0.08,,Foil,R,OP08-046,"[Your Turn] [Once Per Turn] When a Character is removed from the field by your effect, if your opponent has 5 or more cards in their hand, your opponent places 1 card from their hand at the bottom of their deck. Then, rest this Character.",Blue,Character,5,6000,Amazon Lily,Wisdom,1000,
558075,Jozu,Jozu,https://tcgplayer-cdn.tcgplayer.com/product/558075_200w.jpg,68,23462,https://cpt.tcgcsv.com/wft6,2024-09-13T04:08:26.533,1,0.01,0.34,10.0,0.47,,Foil,R,OP08-047,[On Play] You may return 1 of your Characters other than this Character to the owner's hand: Return up to 1 Character with a cost of 6 or less to the owner's hand.,Blue,Character,6,7000,Whitebeard Pirates,Strike,1000,
558076,Sweetpea,Sweetpea,https://tcgplayer-cdn.tcgplayer.com/product/558076_200w.jpg,68,23462,https://cpt.tcgcsv.com/xft6,2024-09-13T04:08:26.533,1,0.01,0.09,10.0,0.04,,Normal,C,OP08-048,,Blue,Character,4,6000,Amazon Lily,Strike,1000,
558077,Speed Jil,Speed Jil,https://tcgplayer-cdn.tcgplayer.com/product/558077_200w.jpg,68,23462,https://cpt.tcgcsv.com/zft6,2024-09-13T04:08:26.533,1,0.01,0.08,10.0,0.03,,Normal,C,OP08-049,"[On Play] Reveal 1 card from the top of your deck and place it at the top or bottom of your deck. If the revealed card's type includes ""Whitebeard Piratess"", this Character gains [Rush] during this turn.<br>
(This card can attack on the turn in which it is played.)",Blue,Character,4,5000,Whitebeard Pirates,Slash,1000,
558078,Namule,Namule,https://tcgplayer-cdn.tcgplayer.com/product/558078_200w.jpg,68,23462,https://cpt.tcgcsv.com/Bft6,2024-09-13T04:08:26.533,1,0.01,0.1,4.95,0.06,,Normal,C,OP08-050,"[Blocker] (After your opponent declares an attack, you may rest this card to make it the new target of the attack.)<br>
[On Play] Draw 2 cards and place 2 cards from your hand at the top or bottom of your deck in any order.",Blue,Character,3,2000,Fish-Man;Whitebeard Pirates,Strike,1000,
558079,Buckin,Buckin,https://tcgplayer-cdn.tcgplayer.com/product/558079_200w.jpg,68,23462,https://cpt.tcgcsv.com/Cft6,2024-09-13T04:08:26.533,1,0.01,0.08,4.95,0.03,,Normal,C,OP08-051,[Your Turn] [On Play] Up to 1 of your [Edward Weevil] cards gains +2000 power during this turn.,Blue,Character,1,2000,Former Rocks Pirates,Wisdom,1000,
558080,Portgas.D.Ace,PortgasDAce,https://tcgplayer-cdn.tcgplayer.com/product/558080_200w.jpg,68,23462,https://cpt.tcgcsv.com/Dft6,2024-09-13T04:08:26.533,1,0.02,0.2,4.95,0.16,,Foil,R,OP08-052,"[On Play] Reveal 1 card from the top of your deck and play up to 1 Character card with a type including ""Whitebeard Pirates"" and a cost of 4 or less. Then, place the rest at the top or bottom of your deck.",Blue,Character,5,6000,Whitebeard Pirates,Special,1000,
558081,Portgas.D.Ace (Parallel),PortgasDAce Parallel,https://tcgplayer-cdn.tcgplayer.com/product/558081_200w.jpg,68,23462,https://cpt.tcgcsv.com/Fft6,2024-09-13T04:08:26.533,1,5.75,7.79,41.25,6.68,,Foil,R,OP08-052,"[On Play] Reveal 1 card from the top of your deck and play up to 1 Character card with a type including ""Whitebeard Piratess"" and a cost of 4 or less. Then, place the rest at the top or bottom of your deck.",Blue,Character,5,6000,Whitebeard Pirates,Special,1000,
558082,Thank You...for Loving Me!!,Thank Youfor Loving Me,https://tcgplayer-cdn.tcgplayer.com/product/558082_200w.jpg,68,23462,https://cpt.tcgcsv.com/Gft6,2024-09-13T04:08:26.533,1,0.03,0.16,4.95,0.14,,Foil,R,OP08-053,"[Main] If your Leader's type includes ""Whitebeard Piratess"", look at 3 cards from the top of your deck; reveal up to 1 card with a type including ""Whitebeard Piratess"" or [Monkey.D.Luffy] and add it to your hand. Then, place the rest at the top or bottom of your deck in any order.<br>
[Trigger] Draw 1 card.",Blue,Event,1,,Whitebeard Pirates,,,
558083,You Can't Take Our King This Early in the Game.,You Cant Take Our King This Early in the Game,https://tcgplayer-cdn.tcgplayer.com/product/558083_200w.jpg,68,23462,https://cpt.tcgcsv.com/Hft6,2024-09-13T04:08:26.533,1,0.01,0.08,4.95,0.03,,Normal,C,OP08-054,"[Counter] Up to 1 of your Leader or Character cards gains +3000 power during this battle. Then, reveal 1 card from the top of your deck and play up to 1 Character card with a type including ""Whitebeard Piratess"" and a cost of 3 or less. Then, place the rest at the top or bottom of your deck.",Blue,Event,3,,Whitebeard Pirates,,,
558084,Phoenix Brand,Phoenix Brand,https://tcgplayer-cdn.tcgplayer.com/product/558084_200w.jpg,68,23462,https://cpt.tcgcsv.com/Jft6,2024-09-13T04:08:26.533,1,0.01,0.1,4.95,0.05,,Normal,UC,OP08-055,"[Main] You may reveal 2 cards with a type including ""Whitebeard Piratess"" from your hand: Place up to 1 Character with a cost of 6 or less at the bottom of the owner's deck.",Blue,Event,4,,Former Whitebeard Pirates,,,
558085,Moby Dick,Moby Dick,https://tcgplayer-cdn.tcgplayer.com/product/558085_200w.jpg,68,23462,https://cpt.tcgcsv.com/Kft6,2024-09-13T04:08:26.533,1,0.01,0.09,10.0,0.03,,Normal,C,OP08-056,"[Your Turn] [Once Per Turn] When your Character with a type including ""Whitebeard Piratess"" is removed from the field by an effect, draw 1 card. Then, place 1 card from your hand at the top or bottom of your deck.<br>
[Trigger] Play this card.",Blue,Stage,2,,Whitebeard Pirates,,,
558086,King (057),King 057,https://tcgplayer-cdn.tcgplayer.com/product/558086_200w.jpg,68,23462,https://cpt.tcgcsv.com/Lft6,2024-09-13T04:08:26.533,1,0.01,0.1,3.95,0.06,,Normal,L,OP08-057,"[Activate:Main] [Once Per Turn] DON!! 2 (You may return the specified number of DON!! cards from your field to your DON!! deck.): Choose one:<br>
• If you have 5 or less cards in your hand, draw 1 card.<br>
• Give up to 1 of your opponent's Characters 2 cost during this turn.",Blue;Purple,Leader,,5000,Animal Kingdom Pirates,Special,,4
558087,King (057) (Parallel),King 057 Parallel,https://tcgplayer-cdn.tcgplayer.com/product/558087_200w.jpg,68,23462,https://cpt.tcgcsv.com/Mft6,2024-09-13T04:08:26.533,1,16.0,19.97,69.95,16.71,,Foil,L,OP08-057,"[Activate:Main] [Once Per Turn] DON!! 2 (You may return the specified number of DON!! cards from your field to your DON!! deck.): Choose one:<br>
• If you have 5 or less cards in your hand, draw 1 card.<br>
• Give up to 1 of your opponent's Characters 2 cost during this turn.",Blue;Purple,Leader,,5000,Animal Kingdom Pirates,Special,,4
558088,Charlotte Pudding (058),Charlotte Pudding 058,https://tcgplayer-cdn.tcgplayer.com/product/558088_200w.jpg,68,23462,https://cpt.tcgcsv.com/Nft6,2024-09-13T04:08:26.533,1,0.01,0.12,5.0,0.11,,Normal,L,OP08-058,[When Attacking] You may turn 2 cards from the top of your Life cards face-up: Add up to 1 DON!! card from your DON!! deck and rest it.,Purple;Yellow,Leader,,5000,Big Mom Pirates,Wisdom,,4
558089,Charlotte Pudding (058) (Parallel),Charlotte Pudding 058 Parallel,https://tcgplayer-cdn.tcgplayer.com/product/558089_200w.jpg,68,23462,https://cpt.tcgcsv.com/Pft6,2024-09-13T04:08:26.533,1,33.52,43.0,174.95,35.32,,Foil,L,OP08-058,[When Attacking] You may turn 2 cards from the top of your Life cards face-up: Add up to 1 DON!! card from your DON!! deck and rest it.,Purple;Yellow,Leader,,5000,Big Mom Pirates,Wisdom,,4
558090,Alber,Alber,https://tcgplayer-cdn.tcgplayer.com/product/558090_200w.jpg,68,23462,https://cpt.tcgcsv.com/Qft6,2024-09-13T04:08:26.533,1,0.01,0.11,10.0,0.06,,Normal,UC,OP08-059,"[Activate:Main] You may trash this Character: If your Leader has the [Animal Kingdom Pirates] type and you have 10 DON!! cards on your field, play up to 1 [King] with a cost of 7 or less from your hand.",Purple,Character,4,5000,Animal Kingdom Pirates;Lunarian,Special,1000,
558091,King (060),King 060,https://tcgplayer-cdn.tcgplayer.com/product/558091_200w.jpg,68,23462,https://cpt.tcgcsv.com/Rft6,2024-09-13T04:08:26.533,1,0.01,0.18,5.04,0.18,,Foil,R,OP08-060,"[On Play] DON!! 1 (You may return the specified number of DON!! cards from your field to your DON!! deck.): If your opponent has 5 or more DON!! cards on their field, this Character gains [Rush] during this turn.<br>
(This card can attack on the turn in which it is played.)",Purple,Character,7,8000,Animal Kingdom Pirates,Special,,
558092,Charlotte Oven,Charlotte Oven,https://tcgplayer-cdn.tcgplayer.com/product/558092_200w.jpg,68,23462,https://cpt.tcgcsv.com/Sft6,2024-09-13T04:08:26.533,1,0.01,0.1,4.95,0.05,,Normal,UC,OP08-061,[When Attacking] DON!! 1 (You may return the specified number of DON!! cards from your field to your DON!! deck.): K.O. up to 1 of your opponent's Characters with a cost of 3 or less.,Purple,Character,5,6000,Big Mom Pirates,Special,,
558093,Charlotte Katakuri (062),Charlotte Katakuri 062,https://tcgplayer-cdn.tcgplayer.com/product/558093_200w.jpg,68,23462,https://cpt.tcgcsv.com/Tft6,2024-09-13T04:08:26.533,1,0.05,0.1,10.0,0.09,,Normal,UC,OP08-062,"[Activate:Main] You may trash this Character: If your Leader has the {Big Mom Pirates} type, play up to 1 [Charlotte Katakuri] from your hand with a cost of 3 or more that is equal to or less than the number of DON!! cards on your opponent's field.",Purple,Character,2,3000,Big Mom Pirates,Strike,1000,
558094,Charlotte Katakuri (063),Charlotte Katakuri 063,https://tcgplayer-cdn.tcgplayer.com/product/558094_200w.jpg,68,23462,https://cpt.tcgcsv.com/Vft6,2024-09-13T04:08:26.533,1,0.01,0.15,4.95,0.11,,Foil,R,OP08-063,[On Play] You may turn 1 card from the top of your Life cards face-down: Add up to 1 DON!! card from your DON!! deck and set it as active.,Purple,Character,6,7000,Big Mom Pirates,Strike,1000,
558095,Charlotte Cracker,Charlotte Cracker,https://tcgplayer-cdn.tcgplayer.com/product/558095_200w.jpg,68,23462,https://cpt.tcgcsv.com/Wft6,2024-09-13T04:08:26.533,1,0.01,0.09,4.95,0.05,,Normal,C,OP08-064,[Activate:Main] [Once Per Turn] DON!! 1 (You may return the specified number of DON!! cards from your field to your DON!! deck.): Play up to 1 [Biscuit Warrior] from your hand.,Purple,Character,4,5000,Big Mom Pirates,Slash,1000,
558096,Charlotte Smoothie,Charlotte Smoothie,https://tcgplayer-cdn.tcgplayer.com/product/558096_200w.jpg,68,23462,https://cpt.tcgcsv.com/Xft6,2024-09-13T04:08:26.533,1,0.01,0.1,4.95,0.06,,Normal,C,OP08-065,,Purple,Character,7,9000,Big Mom Pirates,Special,1000,
558097,Charlotte Brulee,Charlotte Brulee,https://tcgplayer-cdn.tcgplayer.com/product/558097_200w.jpg,68,23462,https://cpt.tcgcsv.com/Zft6,2024-09-13T04:08:26.533,1,0.01,0.1,4.95,0.06,,Normal,UC,OP08-066,"[Blocker] (After your opponent declares an attack, you may rest this card to make it the new target of the attack.)<br>
[On K.O.] Add up to 1 DON!! card from your DON!! deck and rest it.",Purple,Character,4,1000,Big Mom Pirates,Special,1000,
558098,Charlotte Pudding (067),Charlotte Pudding 067,https://tcgplayer-cdn.tcgplayer.com/product/558098_200w.jpg,68,23462,https://cpt.tcgcsv.com/-ft6,2024-09-13T04:08:26.533,1,0.01,0.25,4.0,0.16,,Foil,R,OP08-067,"[Your Turn] [Once Per Turn] When a DON!! card on your field is returned to your DON!! deck, add up to 1 DON!! card from your DON!! deck and rest it.",Purple,Character,3,4000,Big Mom Pirates,Wisdom,1000,
558099,Charlotte Pudding (067) (Parallel),Charlotte Pudding 067 Parallel,https://tcgplayer-cdn.tcgplayer.com/product/558099_200w.jpg,68,23462,https://cpt.tcgcsv.com/_ft6,2024-09-13T04:08:26.533,1,7.0,10.27,60.5,7.78,,Foil,R,OP08-067,"[Your Turn] [Once Per Turn] When a DON!! card on your field is returned to your DON!! deck, add up to 1 DON!! card from your DON!! deck and rest it.",Purple,Character,3,4000,Big Mom Pirates,Wisdom,1000,
558100,Charlotte Perospero,Charlotte Perospero,https://tcgplayer-cdn.tcgplayer.com/product/558100_200w.jpg,68,23462,https://cpt.tcgcsv.com/0gt6,2024-09-13T04:08:26.533,1,0.01,0.1,10.0,0.07,,Normal,C,OP08-068,"[On K.O.] Add up to 1 DON!! card from your DON!! deck and rest it.<br>
[Trigger] DON!! 1 (You may return the specified number of DON!! cards from your field to your DON!! deck.): Play this card.",Purple,Character,3,5000,Big Mom Pirates,Special,,
558101,Charlotte Linlin,Charlotte Linlin,https://tcgplayer-cdn.tcgplayer.com/product/558101_200w.jpg,68,23462,https://cpt.tcgcsv.com/2gt6,2024-09-30T19:51:24.2,1,2.2,4.0,12.95,3.24,,Foil,SR,OP08-069,"[On Play] DON!! 1, You may trash 1 card from your hand: Add up to 1 card from the top of your deck to the top of your Life cards. Then, add up to 1 of your opponent's Characters with a cost of 6 or less to the top or bottom of your opponent's Life cards face-up.",Purple,Character,9,9000,Big Mom Pirates;Former Rocks Pirates,Special,,
558102,Charlotte Linlin (Parallel),Charlotte Linlin Parallel,https://tcgplayer-cdn.tcgplayer.com/product/558102_200w.jpg,68,23462,https://cpt.tcgcsv.com/3gt6,2024-09-13T04:08:26.533,1,19.44,24.0,56.25,20.86,,Foil,SR,OP08-069,"[On Play] DON!! 1, You may trash 1 card from your hand: Add up to 1 card from the top of your deck to the top of your Life cards. Then, add up to 1 of your opponent's Characters with a cost of 6 or less to the top or bottom of your opponent's Life cards face-up.",Purple,Character,9,9000,Big Mom Pirates;Former Rocks Pirates,Special,,
558103,Baron Tamago,Baron Tamago,https://tcgplayer-cdn.tcgplayer.com/product/558103_200w.jpg,68,23462,https://cpt.tcgcsv.com/5gt6,2024-09-13T04:08:26.533,1,0.01,0.09,10.0,0.04,,Normal,C,OP08-070,"[Blocker] (After your opponent declares an attack, you may rest this card to make it the new target of the attack.)<br>
[On K.O.] DON!! 1 (You may return the specified number of DON!! cards from your field to your DON!! deck.): Play up to 1 [Viscount Hiyoko] with a cost of 5 or less from your hand.",Purple,Character,3,4000,Big Mom Pirates,Strike,1000,
558104,Count Niwatori,Count Niwatori,https://tcgplayer-cdn.tcgplayer.com/product/558104_200w.jpg,68,23462,https://cpt.tcgcsv.com/6gt6,2024-09-13T04:08:26.533,1,0.01,0.08,10.0,0.04,,Normal,C,OP08-071,"[Opponent's Turn] [On K.O.] DON!! 1 (You may return the specified number of DON!! cards from your field to your DON!! deck.): Play up to 1 [Baron Tamago] with a cost of 4 or less from your deck. Then, shuffle your deck.",Purple,Character,6,7000,Big Mom Pirates,Strike,1000,
558105,Biscuit Warrior,Biscuit Warrior,https://tcgplayer-cdn.tcgplayer.com/product/558105_200w.jpg,68,23462,https://cpt.tcgcsv.com/7gt6,2024-09-13T04:08:26.533,1,0.01,0.1,4.95,0.05,,Normal,C,OP08-072,"Under the rules of this game, you may have any number of this card in your deck.<br>
[Blocker] (After your opponent declares an attack, you may rest this card to make it the new target of the attack.)",Purple,Character,5,5000,Big Mom Pirates,Slash,1000,
558106,Viscount Hiyoko,Viscount Hiyoko,https://tcgplayer-cdn.tcgplayer.com/product/558106_200w.jpg,68,23462,https://cpt.tcgcsv.com/8gt6,2024-09-13T04:08:26.533,1,0.01,0.1,10.0,0.05,,Normal,C,OP08-073,"[Opponent's Turn] [On K.O.] DON!! 1 (You may return the specified number of DON!! cards from your field to your DON!! deck.): Play up to 1 [Count Niwatori] with a cost of 6 or less from your deck. Then, shuffle your deck.",Purple,Character,5,6000,Big Mom Pirates,Strike,1000,
558107,Black Maria,Black Maria,https://tcgplayer-cdn.tcgplayer.com/product/558107_200w.jpg,68,23462,https://cpt.tcgcsv.com/9gt6,2024-09-13T04:08:26.533,1,3.0,5.0,20.0,3.36,,Foil,SR,OP08-074,"[Activate:Main] [Once Per Turn] If you have no other [Black Maria] Characters, add up to 5 DON!! cards from your DON!! deck and rest them. Then, at the end of this turn, return DON!! cards from your field to your DON!! deck until you have the same number of DON!! cards on your field as your opponent.",Purple,Character,3,2000,Animal Kingdom Pirates,Special,2000,
558108,Black Maria (Parallel),Black Maria Parallel,https://tcgplayer-cdn.tcgplayer.com/product/558108_200w.jpg,68,23462,https://cpt.tcgcsv.com/bgt6,2024-09-13T04:08:26.533,1,17.0,22.45,59.95,20.26,,Foil,SR,OP08-074,"[Activate:Main] [Once Per Turn] If you have no other [Black Maria] Characters, add up to 5 DON!! cards from your DON!! deck and rest them. Then, at the end of this turn, return DON!! cards from your field to your DON!! deck until you have the same number of DON!! cards on your field as your opponent.",Purple,Character,3,2000,Animal Kingdom Pirates,Special,2000,
558109,Candy Maiden,Candy Maiden,https://tcgplayer-cdn.tcgplayer.com/product/558109_200w.jpg,68,23462,https://cpt.tcgcsv.com/cgt6,2024-09-13T04:08:26.533,1,0.01,0.09,4.95,0.04,,Normal,C,OP08-075,"[Main] DON!! 1 (You may return the specified number of DON!! cards from your field to your DON!! deck.): Rest up to 1 of your opponent's Characters with a cost of 2 or less. Then, turn all of your Life cards face-down.",Purple,Event,1,,Big Mom Pirates,,,
558110,It's to Die For,Its to Die For,https://tcgplayer-cdn.tcgplayer.com/product/558110_200w.jpg,68,23462,https://cpt.tcgcsv.com/dgt6,2024-09-13T04:08:26.533,1,0.02,0.1,10.0,0.1,,Normal,UC,OP08-076,"[Main] Add up to 1 DON!! card from your DON!! deck and set it as active. Then, if your opponent has a Character with 6000 power or more, add up to 1 DON!! card from your DON!! deck and set it as active.",Purple,Event,3,,The Four Emperors;Big Mom Pirates,,,
558111,Conquest of the Sea,Conquest of the Sea,https://tcgplayer-cdn.tcgplayer.com/product/558111_200w.jpg,68,23462,https://cpt.tcgcsv.com/fgt6,2024-09-13T04:08:26.533,1,0.05,0.16,4.95,0.14,,Foil,R,OP08-077,"[Main] DON!! 2 (You may return the specified number of DON!! cards from your field to your DON!! deck.): If your Leader has the [Animal Kingdom Pirates] or [Big Mom Pirates] type, K.O. up to 2 of your opponent's Characters with a cost of 6 or less.",Purple,Event,6,,Animal Kingdom Pirates;The Four Emperors;Big Mom Pirates,,,
558112,Ulti,Ulti,https://tcgplayer-cdn.tcgplayer.com/product/558112_200w.jpg,68,23462,https://cpt.tcgcsv.com/ggt6,2024-09-13T04:08:26.533,1,0.01,0.1,4.95,0.06,,Normal,C,OP08-078,,Black,Character,4,6000,Animal Kingdom Pirates,Strike,1000,
558113,Kaido,Kaido,https://tcgplayer-cdn.tcgplayer.com/product/558113_200w.jpg,68,23462,https://cpt.tcgcsv.com/hgt6,2024-09-13T04:08:26.533,1,0.01,0.99,5.98,0.63,,Foil,SR,OP08-079,"[Activate:Main] [Once Per Turn] You may trash 1 card from your hand: If this Character was played on this turn, trash up to 1 of your opponent's Characters with a cost of 7 or less. Then, your opponent trashes 1 card from their hand.",Black,Character,9,9000,Animal Kingdom Pirates;Former Rocks Pirates,Strike,,
558114,Kaido (Parallel),Kaido Parallel,https://tcgplayer-cdn.tcgplayer.com/product/558114_200w.jpg,68,23462,https://cpt.tcgcsv.com/jgt6,2024-09-13T04:08:26.533,1,9.99,15.0,50.0,11.7,,Foil,SR,OP08-079,"[Activate:Main] [Once Per Turn] You may trash 1 card from your hand: If this Character was played on this turn, trash up to 1 of your opponent's Characters with a cost of 7 or less. Then, your opponent trashes 1 card from their hand.",Black,Character,9,9000,Animal Kingdom Pirates;Former Rocks Pirates,Strike,,
558115,Queen,Queen,https://tcgplayer-cdn.tcgplayer.com/product/558115_200w.jpg,68,23462,https://cpt.tcgcsv.com/kgt6,2024-09-13T04:08:26.533,1,0.05,0.2,5.09,0.15,,Foil,R,OP08-080,"[On Play] Look at 5 cards from the top of your deck; reveal up to 1 {Animal Kingdom Pirates} type card other than [Queen] and add it to your hand. Then, place the rest at the bottom of your deck in any order.",Black,Character,1,2000,Animal Kingdom Pirates,Strike,1000,
558116,Queen (Parallel),Queen Parallel,https://tcgplayer-cdn.tcgplayer.com/product/558116_200w.jpg,68,23462,https://cpt.tcgcsv.com/lgt6,2024-09-13T04:08:26.533,1,2.97,5.48,37.5,3.97,,Foil,R,OP08-080,"[On Play] Look at 5 cards from the top of your deck; reveal up to 1 {Animal Kingdom Pirates} type card other than [Queen] and add it to your hand. Then, place the rest at the bottom of your deck in any order.",Black,Character,1,2000,Animal Kingdom Pirates,Strike,1000,
558117,Guernica,Guernica,https://tcgplayer-cdn.tcgplayer.com/product/558117_200w.jpg,68,23462,https://cpt.tcgcsv.com/mgt6,2024-09-13T04:08:26.533,1,0.01,0.08,4.95,0.03,,Normal,C,OP08-081,"[When Attacking] You may place 3 cards with a type including ""CP"" from your trash at the bottom of your deck in any order: K.O. up to 1 of your opponent's Characters with a cost of 0.",Black,Character,1,2000,CP0,Strike,1000,
558118,Sasaki,Sasaki,https://tcgplayer-cdn.tcgplayer.com/product/558118_200w.jpg,68,23462,https://cpt.tcgcsv.com/ngt6,2024-09-13T04:08:26.533,1,0.01,0.12,4.95,0.11,,Foil,R,OP08-082,[Activate:Main] Rest 1 of your DON!! cards and you may rest this Character: Give up to 1 of your opponent's Characters 2 cost during this turn.,Black,Character,1,1000,Animal Kingdom Pirates,Slash,1000,
558119,Sheepshead,Sheepshead,https://tcgplayer-cdn.tcgplayer.com/product/558119_200w.jpg,68,23462,https://cpt.tcgcsv.com/pgt6,2024-09-13T04:08:26.533,1,0.02,0.1,4.95,0.08,,Normal,UC,OP08-083,[DON!! x1] [Your Turn] Give all of your opponent's Characters 1 cost.,Black,Character,2,3000,Animal Kingdom Pirates;SMILE,Slash,1000,
558120,Jack,Jack,https://tcgplayer-cdn.tcgplayer.com/product/558120_200w.jpg,68,23462,https://cpt.tcgcsv.com/qgt6,2024-09-13T04:08:26.533,1,2.0,4.85,20.99,2.65,,Foil,SR,OP08-084,"This Character gains +4 cost.<br>
[Activate: Main] You may rest this Character: Draw 1 card and trash 1 card from your hand. Then, K.O. up to 1 of your opponent's Characters with a cost of 3 or less.",Black,Character,7,8000,Animal Kingdom Pirates,Slash,,
558121,Jack (Parallel),Jack Parallel,https://tcgplayer-cdn.tcgplayer.com/product/558121_200w.jpg,68,23462,https://cpt.tcgcsv.com/rgt6,2024-09-13T04:08:26.533,1,21.1,31.28,89.95,21.63,,Foil,SR,OP08-084,"This Character gains +4 cost.<br>
[Activate: Main] You may rest this Character: Draw 1 card and trash 1 card from your hand. Then, K.O. up to 1 of your opponent's Characters with a cost of 3 or less.",Black,Character,7,8000,Animal Kingdom Pirates,Slash,,
558122,Jinbe,Jinbe,https://tcgplayer-cdn.tcgplayer.com/product/558122_200w.jpg,68,23462,https://cpt.tcgcsv.com/sgt6,2024-09-13T04:08:26.533,1,0.01,0.1,10.0,0.04,,Normal,UC,OP08-085,"[DON!! x1] [When Attacking] If you have a Character with a cost of 8 or more, K.O. up to 1 of your opponent's Characters with a cost of 4 or less.",Black,Character,5,6000,Fish-Man;Straw Hat Crew,Strike,,
558123,Ginrummy,Ginrummy,https://tcgplayer-cdn.tcgplayer.com/product/558123_200w.jpg,68,23462,https://cpt.tcgcsv.com/tgt6,2024-09-13T04:08:26.533,1,0.01,0.1,4.95,0.03,,Normal,C,OP08-086,"[On Play] If your opponent has a Character with a cost of 0, draw 2 cards and trash 2 cards from your hand.",Black,Character,2,3000,Animal Kingdom Pirates;SMILE,Strike,1000,
558124,Scratchmen Apoo,Scratchmen Apoo,https://tcgplayer-cdn.tcgplayer.com/product/558124_200w.jpg,68,23462,https://cpt.tcgcsv.com/vgt6,2024-09-13T04:08:26.533,1,0.01,0.1,4.95,0.05,,Normal,UC,OP08-087,"[Blocker] (After your opponent declares an attack, you may rest this card to make it the new target of the attack.)<br>
[Activate:Main] [Once Per Turn] Give up to 1 of your opponent's Characters 1 cost during this turn.",Black,Character,4,5000,Animal Kingdom Pirates;On-Air Pirates,Ranged,1000,
558125,Duval,Duval,https://tcgplayer-cdn.tcgplayer.com/product/558125_200w.jpg,68,23462,https://cpt.tcgcsv.com/wgt6,2024-09-13T04:08:26.533,1,0.01,0.1,4.95,0.06,,Normal,UC,OP08-088,[On Play] Up to 1 of your Characters gains +1 cost until the end of your opponent's next turn.,Black,Character,1,2000,The Flying Fish Riders,Ranged,2000,
558126,Basil Hawkins,Basil Hawkins,https://tcgplayer-cdn.tcgplayer.com/product/558126_200w.jpg,68,23462,https://cpt.tcgcsv.com/xgt6,2024-09-13T04:08:26.533,1,0.01,0.08,10.0,0.02,,Normal,C,OP08-089,,Black,Character,7,9000,Animal Kingdom Pirates;Hawkins Pirates,Slash,1000,
558127,Hamlet,Hamlet,https://tcgplayer-cdn.tcgplayer.com/product/558127_200w.jpg,68,23462,https://cpt.tcgcsv.com/zgt6,2024-09-13T04:08:26.533,1,0.01,0.08,10.0,0.02,,Normal,C,OP08-090,[On Play] Play up to 1 [SMILE] type Character card with a cost of 2 or less from your trash.,Black,Character,3,4000,Animal Kingdom Pirates;SMILE,Slash,1000,
558128,Whos.Who,WhosWho,https://tcgplayer-cdn.tcgplayer.com/product/558128_200w.jpg,68,23462,https://cpt.tcgcsv.com/Bgt6,2024-09-13T04:08:26.533,1,0.01,0.25,3.95,0.24,,Foil,R,OP08-091,"[On Play] You may trash 1 card from your hand: K.O. up to 1 of your opponent's Characters with a cost of 3 or less.<br>
[Trigger] K.O. up to 1 of your opponent's Characters with a cost of 3 or less.",Black,Character,5,5000,Animal Kingdom Pirates;Former CP9,Slash,2000,
558129,Page One,Page One,https://tcgplayer-cdn.tcgplayer.com/product/558129_200w.jpg,68,23462,https://cpt.tcgcsv.com/Cgt6,2024-09-27T12:37:43.283,1,0.01,0.1,4.95,0.08,,Foil,R,OP08-092,[On Play] Play up to 1 [Ulti] with a cost of 4 or less from your trash.,Black,Character,5,5000,Animal Kingdom Pirates,Strike,1000,
558130,X.Drake,XDrake,https://tcgplayer-cdn.tcgplayer.com/product/558130_200w.jpg,68,23462,https://cpt.tcgcsv.com/Dgt6,2024-09-13T04:08:26.533,1,0.01,0.08,10.0,0.04,,Normal,C,OP08-093,[DON!! x1] This Character gains +2 cost.,Black,Character,4,6000,Animal Kingdom Pirates;Drake Pirates;Navy,Slash,,
558131,Imperial Flame,Imperial Flame,https://tcgplayer-cdn.tcgplayer.com/product/558131_200w.jpg,68,23462,https://cpt.tcgcsv.com/Fgt6,2024-09-13T04:08:26.533,1,0.01,0.1,4.95,0.08,,Foil,R,OP08-094,"[Main]/[Counter] You may place 3 cards from your trash at the bottom of your deck in any order: K.O. up to 1 of your opponent's Characters with a cost of 2 or less.<br>
[Trigger] Activate this card's [Main] effect.",Black,Event,2,,Animal Kingdom Pirates,,,
558132,Iron Body Fang Flash,Iron Body Fang Flash,https://tcgplayer-cdn.tcgplayer.com/product/558132_200w.jpg,68,23462,https://cpt.tcgcsv.com/Ggt6,2024-09-13T04:08:26.533,1,0.01,0.1,4.95,0.05,,Normal,UC,OP08-095,"[Main] If you have 10 or more cards in your trash, up to 1 of your Characters gains +2000 power until the end of your opponent's next turn.<br>
[Trigger] Up to 1 of your Leader or Character cards gains +2000 power during this turn.",Black,Event,2,,Animal Kingdom Pirates;Former CP9,,,
558133,People's Dreams Don't Ever End!!,Peoples Dreams Dont Ever End,https://tcgplayer-cdn.tcgplayer.com/product/558133_200w.jpg,68,23462,https://cpt.tcgcsv.com/Hgt6,2024-09-13T04:08:26.533,1,0.01,0.09,4.95,0.05,,Normal,C,OP08-096,"[Counter] Trash 1 card from the top of your deck. If the trashed card has a cost of 6 or more, up to 1 of your Leader or Character cards gains +5000 power during this battle.<br>
[Trigger] Play up to 1 black Character card with a cost of 3 or less from your trash.",Black,Event,1,,Blackbeard Pirates,,,
558134,Heliceratops,Heliceratops,https://tcgplayer-cdn.tcgplayer.com/product/558134_200w.jpg,68,23462,https://cpt.tcgcsv.com/Jgt6,2024-09-13T04:08:26.533,1,0.01,0.09,10.0,0.03,,Normal,C,OP08-097,"[Main] If your Leader has the [Animal Kingdom Pirates] type, give up to 1 of your opponent's Characters 2 cost during this turn. Then, K.O. up to 1 of your opponent's Characters with a cost of 0.<br>
[Trigger] K.O. up to 1 of your opponent's Characters with a cost of 3 or less.",Black,Event,3,,Animal Kingdom Pirates,,,
558135,Kalgara (098),Kalgara 098,https://tcgplayer-cdn.tcgplayer.com/product/558135_200w.jpg,68,23462,https://cpt.tcgcsv.com/Kgt6,2024-09-13T04:08:26.533,1,0.01,0.1,3.95,0.08,,Normal,L,OP08-098,"[DON!! x1] [When Attacking] Play up to 1 {Shandian Warrior} type Character card from your hand with a cost equal to or less than the number of DON!! cards on your field. If you do, add 1 card from the top of your Life cards to your hand.",Yellow,Leader,,5000,Sky Island;Shandian Warrior;Jaya,Slash,,5
558136,Kalgara (098) (Parallel),Kalgara 098 Parallel,https://tcgplayer-cdn.tcgplayer.com/product/558136_200w.jpg,68,23462,https://cpt.tcgcsv.com/Lgt6,2024-09-13T04:08:26.533,1,14.66,23.08,69.95,18.35,,Foil,L,OP08-098,"[DON!! x1] [When Attacking] Play up to 1 {Shandian Warrior} type Character card from your hand with a cost equal to or less than the number of DON!! cards on your field. If you do, add 1 card from the top of your Life cards to your hand.",Yellow,Leader,,5000,Sky Island;Shandian Warrior;Jaya,Slash,,5
558137,Kalgara (099),Kalgara 099,https://tcgplayer-cdn.tcgplayer.com/product/558137_200w.jpg,68,23462,https://cpt.tcgcsv.com/Mgt6,2024-09-13T04:08:26.533,1,0.01,0.1,4.95,0.05,,Normal,C,OP08-099,,Yellow,Character,6,8000,Sky Island;Shandian Warrior;Jaya,Slash,1000,
558138,South Bird,South Bird,https://tcgplayer-cdn.tcgplayer.com/product/558138_200w.jpg,68,23462,https://cpt.tcgcsv.com/Ngt6,2024-09-13T04:08:26.533,1,0.02,0.1,4.95,0.06,,Normal,UC,OP08-100,"[On Play] Look at 7 cards from the top of your deck and play up to 1 [Upper Yard]. Then, place the rest at the bottom of your deck in any order.",Yellow,Character,1,2000,Animal;Sky Island;Jaya,Wisdom,1000,
558139,Charlotte Angel,Charlotte Angel,https://tcgplayer-cdn.tcgplayer.com/product/558139_200w.jpg,68,23462,https://cpt.tcgcsv.com/Pgt6,2024-09-13T04:08:26.533,1,0.01,0.1,10.0,0.03,,Normal,C,OP08-101,"[Activate:Main] [Once Per Turn] You may trash 1 card from the top of your Life cards: If your Leader has the [Big Mom Pirates] type, add 1 card from the top of your deck to the top of your Life cards at the end of this turn.",Yellow,Character,2,3000,Big Mom Pirates,Slash,1000,
558140,Charlotte Opera,Charlotte Opera,https://tcgplayer-cdn.tcgplayer.com/product/558140_200w.jpg,68,23462,https://cpt.tcgcsv.com/Qgt6,2024-09-13T04:08:26.533,1,0.01,0.1,4.95,0.04,,Normal,UC,OP08-102,[On Play] You may trash 1 card from your hand: K.O. up to 1 of your opponent's Characters with a cost equal to or less than your number of Life cards.,Yellow,Character,6,6000,Big Mom Pirates,Special,1000,
558141,Charlotte Custard,Charlotte Custard,https://tcgplayer-cdn.tcgplayer.com/product/558141_200w.jpg,68,23462,https://cpt.tcgcsv.com/Rgt6,2024-09-13T04:08:26.533,1,0.01,0.1,10.0,0.04,,Normal,UC,OP08-103,[Activate:Main] [Once Per Turn] You may add 1 card from the top of your Life cards to your hand: Up to 1 of your Characters gains +1000 power until the end of your opponent's next turn.,Yellow,Character,2,3000,Big Mom Pirates,Slash,1000,
558142,Charlotte Poire,Charlotte Poire,https://tcgplayer-cdn.tcgplayer.com/product/558142_200w.jpg,68,23462,https://cpt.tcgcsv.com/Sgt6,2024-09-13T04:08:26.533,1,0.01,0.1,4.95,0.05,,Normal,C,OP08-104,"[Trigger] You may trash 1 card from your hand: Play this card. Then, draw 1 card.",Yellow,Character,1,2000,Big Mom Pirates,Wisdom,1000,
558143,Jewelry Bonney,Jewelry Bonney,https://tcgplayer-cdn.tcgplayer.com/product/558143_200w.jpg,68,23462,https://cpt.tcgcsv.com/Tgt6,2024-09-13T04:08:26.533,1,0.5,1.75,15.0,1.27,,Foil,SR,OP08-105,"[DON!! x1] [Your Turn] [Once Per Turn] When a card is removed from your opponent's Life cards, draw 2 cards and trash 1 card from your hand.<br>
[Trigger] Draw 2 cards and trash 1 card from your hand.",Yellow,Character,3,4000,Bonney Pirates;Egghead,Special,1000,
558144,Jewelry Bonney (Parallel),Jewelry Bonney Parallel,https://tcgplayer-cdn.tcgplayer.com/product/558144_200w.jpg,68,23462,https://cpt.tcgcsv.com/Vgt6,2024-09-13T04:08:26.533,1,15.0,19.99,85.0,16.67,,Foil,SR,OP08-105,"[DON!! x1] [Your Turn] [Once Per Turn] When a card is removed from your opponent's Life cards, draw 2 cards and trash 1 card from your hand.<br>
[Trigger] Draw 2 cards and trash 1 card from your hand.",Yellow,Character,3,4000,Bonney Pirates;Egghead,Special,1000,
558145,Nami,Nami,https://tcgplayer-cdn.tcgplayer.com/product/558145_200w.jpg,68,23462,https://cpt.tcgcsv.com/Wgt6,2024-09-13T04:08:26.533,1,3.5,5.96,14.95,6.46,,Foil,SR,OP08-106,"[On Play] You may trash 1 card with a [Trigger] from your hand: K.O. up to 1 of your opponent's Characters with a cost of 5 or less. Then, if you have 3 or less cards in your hand, draw 1 card.<br>
[Trigger] Activate this card's [On Play] effect.",Yellow,Character,5,5000,Straw Hat Crew;Egghead,Special,1000,
558146,Nami (Parallel),Nami Parallel,https://tcgplayer-cdn.tcgplayer.com/product/558146_200w.jpg,68,23462,https://cpt.tcgcsv.com/Xgt6,2024-09-13T04:08:26.533,1,30.0,35.5,79.95,32.51,,Foil,SR,OP08-106,"[On Play] You may trash 1 card with a [Trigger] from your hand: K.O. up to 1 of your opponent's Characters with a cost of 5 or less. Then, if you have 3 or less cards in your hand, draw 1 card.<br>
[Trigger] Activate this card's [On Play] effect.",Yellow,Character,5,5000,Straw Hat Crew;Egghead,Special,1000,
558147,Nitro,Nitro,https://tcgplayer-cdn.tcgplayer.com/product/558147_200w.jpg,68,23462,https://cpt.tcgcsv.com/Zgt6,2024-09-13T04:08:26.533,1,0.01,0.08,10.0,0.03,,Normal,C,OP08-107,[Activate: Main] You may rest this Character: Up to 1 of your [Charlotte Pudding] cards gains +2000 power during this turn.,Yellow,Character,1,2000,Big Mom Pirates;Homies,Special,1000,
558148,Mont Blanc Cricket,Mont Blanc Cricket,https://tcgplayer-cdn.tcgplayer.com/product/558148_200w.jpg,68,23462,https://cpt.tcgcsv.com/-gt6,2024-09-13T04:08:26.533,1,0.01,0.07,4.95,0.03,,Normal,C,OP08-108,,Yellow,Character,4,6000,Monkey Mountain Alliance;Jaya,Strike,1000,
558149,Mont Blanc Noland,Mont Blanc Noland,https://tcgplayer-cdn.tcgplayer.com/product/558149_200w.jpg,68,23462,https://cpt.tcgcsv.com/_gt6,2024-09-13T04:08:26.533,1,0.02,0.16,5.05,0.1,,Foil,R,OP08-109,"[On Play] If your Leader has the [Shandian Warrior] type and you have a [Kalgara] Character, add up to 1 card from the top of your deck to the top of your Life cards.",Yellow,Character,5,6000,Jaya;Botanist,Slash,1000,
558150,Wyper,Wyper,https://tcgplayer-cdn.tcgplayer.com/product/558150_200w.jpg,68,23462,https://cpt.tcgcsv.com/0ht6,2024-09-13T04:08:26.533,1,0.01,0.25,10.0,0.14,,Foil,R,OP08-110,"[On Play] Look at 5 cards from the top of your deck; reveal up to 1 [Upper Yard] and add it to your hand. Then, place the rest at the bottom of your deck in any order and play up to 1 [Upper Yard] from your hand.",Yellow,Character,4,5000,Sky Island;Shandian Warrior,Ranged,2000,
558151,Wyper (Parallel),Wyper Parallel,https://tcgplayer-cdn.tcgplayer.com/product/558151_200w.jpg,68,23462,https://cpt.tcgcsv.com/2ht6,2024-09-13T04:08:26.533,1,1.98,4.0,26.25,2.69,,Foil,R,OP08-110,"[On Play] Look at 5 cards from the top of your deck; reveal up to 1 [Upper Yard] and add it to your hand. Then, place the rest at the bottom of your deck in any order and play up to 1 [Upper Yard] from your hand.",Yellow,Character,4,5000,Sky Island;Shandian Warrior,Ranged,2000,
558152,S-Shark,S Shark,https://tcgplayer-cdn.tcgplayer.com/product/558152_200w.jpg,68,23462,https://cpt.tcgcsv.com/3ht6,2024-09-13T04:08:26.533,1,0.01,0.1,4.95,0.11,,Normal,UC,OP08-111,"[DON!! x1] [When Attacking] Your opponent cannot activate [Blocker] during this battle.<br>
[Trigger] You may trash 1 card from your hand: If you have 2 or less Life cards, play this card.",Yellow,Character,4,5000,Egghead;Seraphim,Special,1000,
558153,S-Snake,S Snake,https://tcgplayer-cdn.tcgplayer.com/product/558153_200w.jpg,68,23462,https://cpt.tcgcsv.com/5ht6,2024-09-13T04:08:26.533,1,0.01,0.99,12.35,0.68,,Foil,SR,OP08-112,"[On Play] Up to 1 of your opponent's Characters with a cost of 6 or less other than [Monkey.D.Luffy] cannot attack until the end of your opponent's next turn.<br>
[Trigger] Activate this card's [On Play] effect.",Yellow,Character,5,6000,Egghead;Seraphim,Special,1000,
558154,S-Snake (Parallel),S Snake Parallel,https://tcgplayer-cdn.tcgplayer.com/product/558154_200w.jpg,68,23462,https://cpt.tcgcsv.com/6ht6,2024-09-13T04:08:26.533,1,6.0,11.68,34.95,8.59,,Foil,SR,OP08-112,"[On Play] Up to 1 of your opponent's Characters with a cost of 6 or less other than [Monkey.D.Luffy] cannot attack until the end of your opponent's next turn.<br>
[Trigger] Activate this card's [On Play] effect.",Yellow,Character,5,6000,Egghead;Seraphim,Special,1000,
558155,S-Bear,S Bear,https://tcgplayer-cdn.tcgplayer.com/product/558155_200w.jpg,68,23462,https://cpt.tcgcsv.com/7ht6,2024-09-13T04:08:26.533,1,0.01,0.1,10.0,0.04,,Normal,C,OP08-113,"[Trigger] You may trash 1 card from your hand: If you have 2 or less Life cards, play this card and K.O. up to 1 of your opponent's Characters with a cost of 3 or less.",Yellow,Character,3,4000,Egghead;Seraphim,Special,1000,
558156,S-Hawk,S Hawk,https://tcgplayer-cdn.tcgplayer.com/product/558156_200w.jpg,68,23462,https://cpt.tcgcsv.com/8ht6,2024-09-13T04:08:26.533,1,0.02,0.15,5.09,0.15,,Foil,R,OP08-114,"[DON!! x1] If you have less Life cards than your opponent, this Character cannot be K.O.'d in battle by <Slash> attribute cards and gains +2000 power.<br>
[Trigger] You may trash 1 card from your hand: If you have 2 or less Life cards, play this card.",Yellow,Character,4,5000,Egghead;Seraphim,Slash,1000,
558157,The Earth Will Not Lose!,The Earth Will Not Lose,https://tcgplayer-cdn.tcgplayer.com/product/558157_200w.jpg,68,23462,https://cpt.tcgcsv.com/9ht6,2024-09-13T04:08:26.533,1,0.01,0.24,16.0,0.13,,Foil,R,OP08-115,"[Counter] If your Leader has the {Shandian Warrior} type, up to 1 of your Leader or Character cards gains +3000 power during this battle. Then, play up to 1 [Upper Yard] from your hand.<br>
[Trigger] Draw 2 cards and trash 1 card from your hand.",Yellow,Event,1,,Sky Island;Shandian Warrior,,,
558158,Burn Bazooka,Burn Bazooka,https://tcgplayer-cdn.tcgplayer.com/product/558158_200w.jpg,68,23462,https://cpt.tcgcsv.com/bht6,2024-09-13T04:08:26.533,1,0.01,0.08,10.0,0.05,,Normal,C,OP08-116,"[Counter] Up to 1 of your Leader or Character cards gains +4000 power during this battle. Then, you may add 1 card from the top or bottom of your Life cards to your hand. If you do, add up to 1 [Shandian Warrior] type card from your hand to the top of your Life cards face-up.",Yellow,Event,2,,Sky Island;Shandian Warrior,,,
558159,Burn Blade,Burn Blade,https://tcgplayer-cdn.tcgplayer.com/product/558159_200w.jpg,68,23462,https://cpt.tcgcsv.com/cht6,2024-09-13T04:08:26.533,1,0.02,0.11,4.95,0.1,,Normal,UC,OP08-117,"[Main] You may trash 1 card from the top of your Life cards: K.O. up to 1 of your opponent's Characters with a cost of 7 or less.<br>
[Trigger] You may add 1 card from the top of your Life cards to your hand: Add up to 1 card from your hand to the top of your Life cards.",Yellow,Event,5,,Sky Island;Shandian Warrior,,,
558160,Silvers Rayleigh,Silvers Rayleigh,https://tcgplayer-cdn.tcgplayer.com/product/558160_200w.jpg,68,23462,https://cpt.tcgcsv.com/dht6,2024-10-01T16:12:24.69,1,22.28,25.79,225.0,23.81,,Foil,SEC,OP08-118,"[On Play] Select up to 2 of your opponent's Characters, and give 1 Character 3000 power and the other 2000 power until the end of your opponent's next turn. Then, K.O. up to 1 of your opponent's Characters with 3000 power or less.",Red,Character,8,8000,Former Roger Pirates,Slash,,
558161,Silvers Rayleigh (Parallel),Silvers Rayleigh Parallel,https://tcgplayer-cdn.tcgplayer.com/product/558161_200w.jpg,68,23462,https://cpt.tcgcsv.com/fht6,2024-10-03T16:52:19.537,1,34.0,43.0,79.95,38.01,,Foil,SEC,OP08-118,"[On Play] Select up to 2 of your opponent's Characters, and give 1 Character 3000 power and the other 2000 power until the end of your opponent's next turn. Then, K.O. up to 1 of your opponent's Characters with 3000 power or less.",Red,Character,8,8000,Former Roger Pirates,Slash,,
558162,Silvers Rayleigh (Parallel) (Manga),Silvers Rayleigh Parallel Manga,https://tcgplayer-cdn.tcgplayer.com/product/558162_200w.jpg,68,23462,https://cpt.tcgcsv.com/ght6,2024-10-01T16:28:19.903,1,313.65,346.0,799.95,334.71,,Foil,SEC,OP08-118,"[On Play] Select up to 2 of your opponent's Characters, and give 1 Character 3000 power and the other 2000 power until the end of your opponent's next turn. Then, K.O. up to 1 of your opponent's Characters with 3000 power or less.",Red,Character,8,8000,Former Roger Pirates,Slash,,
558163,Kaido & Linlin,Kaido and Linlin,https://tcgplayer-cdn.tcgplayer.com/product/558163_200w.jpg,68,23462,https://cpt.tcgcsv.com/hht6,2024-09-13T04:08:26.533,1,1.0,3.26,16.0,2.13,,Foil,SEC,OP08-119,"[When Attacking] DON!! 10: K.O. all Characters other than this Character. Then, add up to 1 card from the top of your deck to the top of your Life cards and trash up to 1 card from the top of your opponent's Life cards.",Purple,Character,10,12000,Animal Kingdom Pirates;The Four Emperors;Big Mom Pirates,Special;Strike,,
558164,Kaido & Linlin (Parallel),Kaido and Linlin Parallel,https://tcgplayer-cdn.tcgplayer.com/product/558164_200w.jpg,68,23462,https://cpt.tcgcsv.com/jht6,2024-09-13T04:08:26.533,1,7.0,9.01,30.0,7.55,,Foil,SEC,OP08-119,"[When Attacking] DON!! 10: K.O. all Characters other than this Character. Then, add up to 1 card from the top of your deck to the top of your Life cards and trash up to 1 card from the top of your opponent's Life cards.",Purple,Character,10,12000,Animal Kingdom Pirates;The Four Emperors;Big Mom Pirates,Special;Strike,,
558165,Jewelry Bonney (SP),Jewelry Bonney SP,https://tcgplayer-cdn.tcgplayer.com/product/558165_200w.jpg,68,23462,https://cpt.tcgcsv.com/kht6,2024-09-13T04:08:26.533,1,80.0,90.0,174.95,89.27,,Foil,C,ST02-007,"[Activate: Main] (1) (You may rest the specified number of DON!! cards in your cost area.) You may rest this Character: Look at 5 cards from the top of your deck; reveal up to 1 {Supernovas} type card and add it to your hand. Then, place the rest at the bottom of your deck in any order.",Green,Character,1,1000,Bonney Pirates;Supernovas,Special,1000,
558166,Gecko Moria (SP),Gecko Moria SP,https://tcgplayer-cdn.tcgplayer.com/product/558166_200w.jpg,68,23462,https://cpt.tcgcsv.com/lht6,2024-09-13T04:08:26.533,1,69.99,94.61,175.0,87.06,,Foil,C,ST03-004,[On Play] Add up to 1 [The Seven Warlords of the Sea] or [Thriller Bark Pirates] type Character with a cost of 4 or less other than [Gecko Moria] from your trash to your hand.,Blue,Character,4,5000,The Seven Warlords of the Sea;Thriller Bark Pirates,Special,1000,
558167,Queen (SP),Queen SP,https://tcgplayer-cdn.tcgplayer.com/product/558167_200w.jpg,68,23462,https://cpt.tcgcsv.com/mht6,2024-09-13T04:08:26.533,1,71.63,79.66,174.95,72.77,,Foil,C,ST04-005,"[Blocker] (After your opponent declares an attack, you may rest this card to make it the new target of the attack.)<br>
[On Play] DON!! 1 (You may return the specified number of DON!! cards from your field to your DON!! deck.): Draw 2 cards and trash 1 card from your hand.",Purple,Character,5,6000,Animal Kingdom Pirates,Strike,1000,
558168,Tashigi (SP),Tashigi SP,https://tcgplayer-cdn.tcgplayer.com/product/558168_200w.jpg,68,23462,https://cpt.tcgcsv.com/nht6,2024-09-13T04:08:26.533,1,42.5,49.99,89.95,49.65,,Foil,C,ST06-006,[Activate:Main] You may rest this Character: Give up to 1 of your opponent's Characters 2 cost during this turn.,Black,Character,3,4000,Navy,Slash,1000,
561689,Double Pack Set Volume 5,Double Pack Set Volume 5,https://tcgplayer-cdn.tcgplayer.com/product/561689_200w.jpg,68,23462,https://cpt.tcgcsv.com/PHv6,2024-09-14T13:39:24.987,1,11.19,18.42,39.7,15.28,,Normal,,,,,,,,,,,
561690,Double Pack Set Volume 5 Display,Double Pack Set Volume 5 Display,https://tcgplayer-cdn.tcgplayer.com/product/561690_200w.jpg,68,23462,https://cpt.tcgcsv.com/QHv6,2024-09-14T13:39:39.92,1,108.96,114.49,243.87,111.0,,Normal,,,,,,,,,,,
561691,Double Pack Set Volume 5 Display Case,Double Pack Set Volume 5 Display Case,https://tcgplayer-cdn.tcgplayer.com/product/561691_200w.jpg,68,23462,https://cpt.tcgcsv.com/RHv6,2024-09-13T04:08:36.84,1,649.99,924.99,1199.99,,,Normal,,,,,,,,,,,
564551,Monkey.D.Luffy (SP),MonkeyDLuffy SP,https://tcgplayer-cdn.tcgplayer.com/product/564551_200w.jpg,68,23462,https://cpt.tcgcsv.com/2Rw6,2024-09-13T04:08:26.533,1,38.74,40.0,89.95,40.82,,Foil,SR,OP07-109,"[Activate:Main] <strong>You may trash this Character</strong>: If you have 2 or less Life cards; K.O. up to 1 of your opponent's Characters with a cost of 4 or less. Then, draw 1 card.
<br>
[Trigger] K.O. up to 1 of your opponent's Characters with a cost of 4 or less.",Yellow,Character,5,6000,Straw Hat Crew;The Four Emperors;Egghead,Strike,1000,
576484,DON!! Card (Shattered) (Double Pack Set Vol. 5),DON Card Shattered Double Pack Set Vol 5,https://tcgplayer-cdn.tcgplayer.com/product/576484_200w.jpg,68,23462,https://cpt.tcgcsv.com/JCD6,2024-09-16T12:53:25.69,1,1.93,3.45,14.95,2.52,,Foil,DON!!,,Your Turn +1000,,DON!!,,,,,,
576485,DON!! Card (Silhouette) (Double Pack Set Vol. 5),DON Card Silhouette Double Pack Set Vol 5,https://tcgplayer-cdn.tcgplayer.com/product/576485_200w.jpg,68,23462,https://cpt.tcgcsv.com/KCD6,2024-09-16T12:53:41.227,1,1.99,3.99,14.95,3.58,,Foil,DON!!,,Your Turn +1000,,DON!!,,,,,,
577568,DON!! Card (Alternate Art),DON Card Alternate Art,https://tcgplayer-cdn.tcgplayer.com/product/577568_200w.jpg,68,23462,https://cpt.tcgcsv.com/n2F6,2024-09-16T12:53:58.717,1,0.05,0.35,3.95,0.35,,Foil,DON!!,,Your Turn +1000,,DON!!,,,,,,
586061,Special DON!! Card Pack DP-05,Special DON Card Pack DP 05,https://tcgplayer-cdn.tcgplayer.com/product/586061_200w.jpg,68,23462,https://cpt.tcgcsv.com/frJ6,2024-10-08T17:14:15.65,1,3.84,5.88,6.0,3.87,,Normal,,,,,,,,,,,
